{
    "appName": "w2-insights",
    "screenName": "federalrefund",
    "type": "Info",
    "groups": [
        {
            "name": "default",
            "items": [
                {
                    "type": "default",
                    "contentMeta": [
                        {
                            "name": "page",
                            "theme": "theme"
                        }
                    ]
                }
            ]
        },
        {
            "name": "header",
            "items": [
                {
                    "type": "headerSubText",
                    "contentMeta": [
                        {
                            "name": "header",
                            "headerSubText": "subText"
                        }
                    ]
                },
                {
                    "type": "headerText",
                    "contentMeta": [
                        {
                            "name": "header",
                            "headerText": "text"
                        }
                    ]
                }
             
            ]
        },
        {
            "name": "content",
            "items": [
                {
                    "type": "contentImageUrl",
                    "contentMeta": [
                        {
                            "name": "content",
                            "contentImageUrl": "imgUrl"  
                        }
                    ]
                }
            ]
        },
        {
            "name": "footer",
            "items": [
               
                {
                    "type": "secondaryButton",
                    "contentMeta": [
                        {
                            "name": "secondary_button",
                            "description": "text",
                            "theme": "theme"
                        }
                    ]
                },
                {
                    "type": "primaryButton",
                    "contentMeta": [
                        {
                            "name": "primary_button",
                            "description": "text",
                            "theme": "theme"
                        }
                    ]
                }
            ]
        }
    ],
    "navigation": {
        "next": "",
        "prev": ""
    }
}
