{
    "app": "add-w2",
    "screens": [
        {
            "name": "manual_entry",
            "elements": [
                {
                    "name": "navbar_header",
                    "states": [
                        {
                            "options": [
                                {
                                    "text": "Confirm status"
                                },
                                {
                                    "text": "Add W-2"
                                },
                                {
                                    "text": "Verify ID"
                                },
                                {
                                    "text": "Answer questions"
                                },
                                {
                                    "text": "File Return",
                                    "icon": "lock",
                                    "disabled": true
                                }
                            ]
                        }
                    ]
                },
                {
                    "name": "page_title",
                    "states": [
                        {
                            "text": "Enter your W-2 info."
                        }
                    ]
                },
                {
                    "name": "form_nav_header",
                    "states": [
                        {
                            "options": [
                                {
                                    "text": "Employer's Info"
                                },
                                {
                                    "text": "Employee's Info"
                                },
                                {
                                    "text": "Federal income taxes"
                                },
                                {
                                    "text": "State and local taxes"
                                }
                            ]
                        }
                    ]
                },
                {
                    "name": "footer_buttons",
                    "states": [
                        {
                            "state": "normal",
                            "options": [
                                {
                                    "text": "Next section"
                                },
                                {
                                    "text": "Save and finish later",
                                    "theme": "secondary"
                                }
                            ]
                        },
                        {
                            "state": "final",
                            "options": [
                                {
                                    "text": "Save and review"
                                },
                                {
                                    "text": "Save and finish later",
                                    "theme": "secondary"
                                }
                            ]
                        }
                    ]
                }
            ]
        },
        {
            "name": "add-w2",
            "elements": [
                {
                    "name": "page",
                    "states": [
                        {
                            "theme": "white"
                        }
                    ]
                },
                {
                    "name": "navbar_header",
                    "states": [
                        {
                            "imgUrl": "/assets/images/progress_icon.svg",
                            "options": [
                                {
                                    "text": "Home"
                                },
                                {
                                    "state": "confirm-status",
                                    "text": "Confirm status"
                                },
                                {
                                    "state": "add-w2",
                                    "text": "Add W-2",
                                    "isSelected": true
                                },
                                {
                                    "state": "verify-id",
                                    "text": "Verify ID"
                                },
                                {
                                    "state": "questions",
                                    "text": "Answer questions"
                                },
                                {
                                    "state": "file-return",
                                    "text": "File Return",
                                    "icon": "lock",
                                    "disabled": true
                                }
                            ]
                        }
                    ]
                },
                {
                    "name": "content_header",
                    "states": [
                        {
                            "text": "Time to add your W-2.",
                            "subText": "Your employer mails you this form every year. It gives us your income, taxes withheld, and other needed info."
                        }
                    ]
                },
                {
                    "name": "action_card",
                    "states": [
                        {
                            "text": "Add your W-2",
                            "subText": "Choose how you want to add",
                            "icon": "add",
                            "theme": "white",
                            "target": "add-w2"
                        }
                    ]
                },
                {
                    "name": "footer_button",
                    "states": [
                        {
                            "text": "I don't have my W2",
                            "theme": "secondary"
                        }
                    ]
                },
                {
                    "name": "footer_link",
                    "states": [
                        {
                            "text": "Skip for now",
                            "theme": "primary-black"
                        }
                    ]
                }
            ]
        },
        {
            "name": "skip-w2",
            "elements": [
                {
                    "name": "page",
                    "states": [
                        {
                            "theme": "light-green",
                            "text": "No problem! You can add your W-2 later"
                        }
                    ]
                },
                {
                    "name": "content",
                    "states": [
                        {
                            "state": "play",
                            "footerImgUrl": "/assets/images/play_black_icon.svg"
                        },
                        {
                            "state": "pause",
                            "footerImgUrl": "/assets/images/pause_black_icon.svg"
                        }
                    ]
                }
            ]
        },
        {
            "name": "add-id-int",
            "elements": [
                {
                    "name": "page",
                    "states": [
                        {
                            "theme": "ui-yellow",
                            "text": "Now, let’s add your ID.",
                            "imgUrl": "/assets/images/ScanID.gif",
                            "duration": 4000
                        }
                    ]
                },
                {
                    "name": "content",
                    "states": [
                        {
                            "state": "play",
                            "footerImgUrl": "/assets/images/play_icon.svg"
                        },
                        {
                            "state": "pause",
                            "footerImgUrl": "/assets/images/pause_icon.svg"
                        }
                    ]
                }
            ]
        },
        {
            "name": "import-ein",
            "elements": [
                {
                    "name": "page",
                    "states": [
                        {
                            "theme": "white"
                        }
                    ]
                },
                {
                    "name": "navbar_header",
                    "states": [
                        {
                            "imgUrl": "/assets/images/progress_icon.svg",
                            "options": [
                                {
                                    "text": "Home"
                                },
                                {
                                    "state": "confirm-status",
                                    "text": "Confirm status"
                                },
                                {
                                    "state": "add-w2",
                                    "text": "Add W-2",
                                    "isSelected": true
                                },
                                {
                                    "state": "verify-id",
                                    "text": "Verify ID"
                                },
                                {
                                    "state": "questions",
                                    "text": "Answer questions"
                                },
                                {
                                    "state": "file-return",
                                    "text": "File Return",
                                    "icon": "lock",
                                    "disabled": true
                                }
                            ]
                        }
                    ]
                },
                {
                    "name": "content_header",
                    "states": [
                        {
                            "text": "Let’s import your W-2."
                        }
                    ]
                },
                {
                    "name": "addEIN",
                    "states": [
                        {
                            "options": [
                                {
                                    "text": "",
                                    "options": [
                                        {
                                            "size": "1col",
                                            "options": [
                                                {
                                                    "text": "B. Employer identification number (EIN)"
                                                },
                                                {
                                                    "text": "I can’t find my EIN",
                                                    "theme": "primary-black"
                                                }
                                            ]
                                        }
                                    ]
                                }
                            ]
                        }
                    ]
                },
                {
                    "name": "toggle_card",
                    "states": [
                        {
                            "text": "How this works",
                            "subText": "With your employer identification number (EIN), we can automatically import your data if your employer is a partner. Simple!",
                            "imgUrl": "/assets/images/how-this-works.svg",
                            "theme": "light-blue"
                        }
                    ]
                },
                {
                    "name": "footer_button",
                    "states": [
                        {
                            "text": "Next",
                            "theme": "primary"
                        }
                    ]
                }
            ]
        },
        {
            "name": "import-more-details",
            "elements": [
                {
                    "name": "page",
                    "states": [
                        {
                            "theme": "white"
                        }
                    ]
                },
                {
                    "name": "navbar_header",
                    "states": [
                        {
                            "imgUrl": "/assets/images/progress_icon.svg",
                            "options": [
                                {
                                    "text": "Home"
                                },
                                {
                                    "state": "confirm-status",
                                    "text": "Confirm status"
                                },
                                {
                                    "state": "add-w2",
                                    "text": "Add W-2",
                                    "isSelected": true
                                },
                                {
                                    "state": "verify-id",
                                    "text": "Verify ID"
                                },
                                {
                                    "state": "questions",
                                    "text": "Answer questions"
                                },
                                {
                                    "state": "file-return",
                                    "text": "File Return",
                                    "icon": "lock",
                                    "disabled": true
                                }
                            ]
                        }
                    ]
                },
                {
                    "name": "content_header",
                    "states": [
                        {
                            "text": "A few more details and we're good to go!",
                            "subText": "Fill in this info exactly as shown on your form or we won't be able to import your W-2 with your EIN."
                        }
                    ]
                },
                {
                    "name": "addProviderDetails",
                    "states": [
                        {
                            "options": [
                                {
                                    "text": "",
                                    "options": [
                                        {
                                            "size": "1col",
                                            "options": []
                                        }
                                    ]
                                }
                            ]
                        }
                    ]
                },
                {
                    "name": "footer_button",
                    "states": [
                        {
                            "text": "Import W-2",
                            "theme": "primary"
                        }
                    ]
                }
            ]
        },
        {
            "name": "import-uploading",
            "elements": [
                {
                    "name": "page",
                    "states": [
                        {
                            "theme": "medium-dark-blue",
                            "text": "We’re importing your W-2...",
                            "imgUrl": "/assets/images/Upload.gif"
                        }
                    ]
                },
                {
                    "name": "content",
                    "states": [
                        {
                            "state": "play",
                            "footerImgUrl": "/assets/images/play_icon.svg"
                        },
                        {
                            "state": "pause",
                            "footerImgUrl": "/assets/images/pause_icon.svg"
                        }
                    ]
                }
            ]
        },
        {
            "name": "import-success",
            "elements": [
                {
                    "name": "page",
                    "states": [
                        {
                            "theme": "light-blue",
                            "text": "Got it! We're able to get a head start."
                        }
                    ]
                },
                {
                    "name": "content",
                    "states": [
                        {
                            "state": "play",
                            "footerImgUrl": "/assets/images/play_icon.svg"
                        },
                        {
                            "state": "pause",
                            "footerImgUrl": "/assets/images/pause_icon.svg"
                        }
                    ]
                }
            ]
        },
        {
            "name": "import-fail",
            "elements": [
                {
                    "name": "page",
                    "states": [
                        {
                            "theme": "medium-light-yellow"
                        }
                    ]
                },
                {
                    "name": "content",
                    "states": [
                        {
                            "text": "We’re sorry, we couldn’t import your W-2.",
                            "subText": "It looks like your payroll provider isn't a partner just yet. We're continually adding new employers — and hope to add yours soon!"
                        }
                    ]
                },
                {
                    "name": "secondary_button",
                    "states": [
                        {
                            "text": "Try another way",
                            "theme": "secondary"
                        }
                    ]
                },
                {
                    "name": "footer_link",
                    "states": [
                        {
                            "text": "Skip for now",
                            "theme": "primary-black"
                        }
                    ]
                }
            ]
        },
        {
            "name": "w2-review",
            "elements": [
                {
                    "name": "page",
                    "states": [
                        {
                            "theme": "white"
                        }
                    ]
                },
                {
                    "name": "navbar_header",
                    "states": [
                        {
                            "imgUrl": "/assets/images/progress_icon.svg",
                            "options": [
                                {
                                    "text": "Home"
                                },
                                {
                                    "state": "confirm-status",
                                    "text": "Confirm status"
                                },
                                {
                                    "state": "add-w2",
                                    "text": "Add W-2",
                                    "isSelected": true
                                },
                                {
                                    "state": "verify-id",
                                    "text": "Verify ID"
                                },
                                {
                                    "state": "questions",
                                    "text": "Answer questions"
                                },
                                {
                                    "state": "file-return",
                                    "text": "File Return",
                                    "icon": "lock",
                                    "disabled": true
                                }
                            ]
                        }
                    ]
                },
                {
                    "name": "content_header",
                    "states": [
                        {
                            "text": "Here is your W-2 from {{W2Form.EmployerNameBusinessNameLine1Txt}}."
                        }
                    ]
                },
                {
                    "name": "w2Review",
                    "states": [
                        {
                            "options": [
                                {
                                    "text": "Employer Info",
                                    "theme": "white",
                                    "options": [
                                        {
                                            "size": "1col",
                                            "options": [
                                                {
                                                    "text": "B. Employer identification number (EIN)"
                                                },
                                                {
                                                    "text": "C. Employer name"
                                                },
                                                {
                                                    "text": "City"
                                                },
                                                {
                                                    "text": "State"
                                                },
                                                {
                                                    "text": "ZIP"
                                                }
                                            ]
                                        }
                                    ]
                                },
                                {
                                    "text": "Employee Info",
                                    "theme": "white",
                                    "options": [
                                        {
                                            "size": "1col",
                                            "options": [
                                                {
                                                    "text": "a. Employee SSN"
                                                },
                                                {
                                                    "text": "e. Employee name"
                                                },
                                                {
                                                    "text": "f. Employee address"
                                                },
                                                {
                                                    "text": "City"
                                                },
                                                {
                                                    "text": "State"
                                                },
                                                {
                                                    "text": "ZIP"
                                                }
                                            ]
                                        }
                                    ]
                                },
                                {
                                    "text": "Federal income taxes",
                                    "theme": "white",
                                    "options": [
                                        {
                                            "size": "1col",
                                            "options": [
                                                {
                                                    "text": "1. Wages, tips, other comp."
                                                },
                                                {
                                                    "text": "2. Federal income tax withheld"
                                                },
                                                {
                                                    "text": "3. Social security wages"
                                                },
                                                {
                                                    "text": "4. Social Security tax withheld"
                                                },
                                                {
                                                    "text": "5. Medicare wages and tips"
                                                },
                                                {
                                                    "text": "6. Medicare tax withheld"
                                                }
                                            ]
                                        }
                                    ]
                                }
                            ]
                        }
                    ]
                },
                {
                    "name": "footer_button",
                    "states": [
                        {
                            "text": "Add W-2",
                            "theme": "primary"
                        }
                    ]
                }
            ]
        }
    ]
}
