{
    "app": "verify-id",
    "screens": [
        {
            "name": "welcome",
            "elements": [
                {
                    "name": "content",
                    "states": [
                        {
                            "text": "Welcome back, {{user}}!",
                            "theme": "primary",
                            "imgUrl": "/assets/images/dependents.svg"
                        }
                    ]
                }
            ]
        }
    ]
}
