{
    "npmScope": "chrysalis",
    "affected": {
        "defaultBase": "master"
    },
    "implicitDependencies": {
        "angular.json": "*",
        "package.json": {
            "dependencies": "*",
            "devDependencies": "*"
        },
        "tsconfig.base.json": "*",
        "tslint.json": "*",
        ".eslintrc.json": "*",
        "nx.json": "*"
    },
    "tasksRunnerOptions": {
        "default": {
            "runner": "@nrwl/workspace/tasks-runners/default",
            "options": {
                "cacheableOperations": ["build", "lint", "test", "e2e"]
            }
        }
    },
    "projects": {
        "container": {
            "tags": []
        },
        "container-e2e": {
            "tags": [],
            "implicitDependencies": ["container"]
        },
        "verify-id": {
            "tags": []
        },
        "core": {
            "tags": []
        },
        "ui-controls": {
            "tags": []
        },
        "local-server": {
            "tags": []
        },
        "home": {
            "tags": []
        },
        "add-w2": {
            "tags": []
        },
        "onboarding": {
            "tags": []
        }
    }
}
