{
    "app": "overlay",
    "screens": [
        {
            "name": "add_w2",
            "elements": [
                {
                    "name": "header",
                    "states": [
                        {
                            "text": "Add W-2"
                        }
                    ]
                },
                {
                    "name": "import",
                    "states": [
                        {
                            "text": "Import from payroll provider",
                            "icon": "transfer"
                        }
                    ]
                },
                {
                    "name": "attach",
                    "states": [
                        {
                            "text": "Attach a PDF",
                            "icon": "upload",
                            "theme": "secondary"
                        }
                    ]
                },
                {
                    "name": "pic",
                    "states": [
                        {
                            "text": "Take a pic",
                            "icon": "camera",
                            "theme": "secondary"
                        }
                    ]
                },
                {
                    "name": "manual",
                    "states": [
                        {
                            "text": "Enter W2-Manually",
                            "icon": "edit",
                            "theme": "secondary"
                        }
                    ]
                }
            ]
        }
    ]
}
