[
    {
        "app": "home",
        "screens": [
            {
                "name": "home",
                "elements": [
                    {
                        "name": "progress_circle",
                        "states": []
                    },
                    {
                        "name": "navbar_header",
                        "states": [
                            {
                                "options": [
                                    {
                                        "text": "Home"
                                    },
                                    {
                                        "text": "Confirm status"
                                    },
                                    {
                                        "text": "Add W-2"
                                    },
                                    {
                                        "text": "Verify ID"
                                    },
                                    {
                                        "text": "Answer questions"
                                    },
                                    {
                                        "text": "File Return",
                                        "icon": "lock",
                                        "disabled": true
                                    }
                                ]
                            }
                        ]
                    },
                    {
                        "name": "navbar_account",
                        "states": [
                            {
                                "options": [
                                    {
                                        "text": "Account",
                                        "icon": "accountIcon"
                                    }
                                ]
                            }
                        ]
                    },
                    {
                        "name": "total_refund",
                        "states": [
                            {
                                "text": "Your total refund",
                                "description": "Your refund or owe amount will appear here after you add your W-2.",
                                "theme": "white"
                            }
                        ]
                    },
                    {
                        "name": "primary_card",
                        "states": [
                            {
                                "state": "confirm-status",
                                "text": "Confirm your tax info.",
                                "imgUrl": "/assets/images/dependents.svg",
                                "theme": "ui-green"
                            },
                            {
                                "state": "add-w2",
                                "text": "Add your W-2 to save time later.",
                                "imgUrl": "/assets/images/upload-w2.svg",
                                "theme": "ui-green"
                            },
                            {
                                "state": "verify-id",
                                "text": "Scan your ID next.",
                                "imgUrl": "/assets/images/scan-id.svg",
                                "theme": "ui-green"
                            },
                            {
                                "state": "questions",
                                "text": "Answer some quick questions.",
                                "imgUrl": "/assets/images/help-me-choose.svg",
                                "theme": "ui-green"
                            },
                            {
                                "state": "file-return",
                                "text": "You’re so close to the finish line!",
                                "imgUrl": "/assets/images/taxes-filed.svg",
                                "subText": "File return",
                                "theme": "ui-green"
                            }
                        ]
                    },
                    {
                        "name": "secondary_card",
                        "states": [
                            {
                                "state": "draft",
                                "options": [
                                    {
                                        "state": "add-w2",
                                        "text": "Add your W-2",
                                        "imgUrl": "http://localhost:9500/assets/images/add-w2.svg"
                                    },
                                    {
                                        "state": "verify-id",
                                        "text": "Verify your ID",
                                        "imgUrl": "http://localhost:9500/assets/images/verify-id.svg"
                                    },
                                    {
                                        "state": "questions",
                                        "text": "Answer questions",
                                        "imgUrl": "http://localhost:9500/assets/images/answer-question.svg"
                                    },
                                    {
                                        "state": "file-return",
                                        "text": "File return",
                                        "imgUrl": "http://localhost:9500/assets/images/lock-icon.svg"
                                    }
                                ]
                            },
                            {
                                "state": "completed",
                                "options": [
                                    {
                                        "text": "Confirmed statuses"
                                    },
                                    {
                                        "text": "Added W-2 from {{source}}"
                                    },
                                    {
                                        "text": "Verified ID"
                                    },
                                    {
                                        "text": "Answered questions"
                                    }
                                ]
                            }
                        ]
                    },
                    {
                        "name": "add_w2_overlay",
                        "states": [
                            {
                                "options": [
                                    {
                                        "description": "Import from payroll provider",
                                        "icon": "transfer"
                                    },
                                    {
                                        "description": "Attach a PDF",
                                        "icon": "upload",
                                        "theme": "secondary"
                                    },
                                    {
                                        "description": "Take a pic",
                                        "icon": "camera",
                                        "theme": "secondary"
                                    },
                                    {
                                        "description": "Enter W2-Manually",
                                        "icon": "edit",
                                        "theme": "secondary"
                                    }
                                ]
                            }
                        ]
                    }
                ]
            }
        ]
    },
    {
        "app": "verify-id",
        "screens": [
            {
                "name": "welcome",
                "elements": [
                    {
                        "name": "content",
                        "states": [
                            {
                                "text": "Welcome back, {{user}}!",
                                "theme": "primary",
                                "imgUrl": "/assets/images/dependents.svg"
                            }
                        ]
                    }
                ]
            }
        ]
    },
    {
        "app": "onboarding",
        "screens": [
            {
                "name": "welcome",
                "elements": [
                    {
                        "name": "page",
                        "states": [
                            {
                                "theme": "primary",
                                "text": "Welcome back, {{user}}!"
                            }
                        ]
                    },
                    {
                        "name": "content",
                        "states": [
                            {
                                "state": "play",
                                "footerImgUrl": "/assets/images/play_icon.svg"
                            },
                            {
                                "state": "pause",
                                "footerImgUrl": "/assets/images/pause_icon.svg"
                            }
                        ]
                    }
                ]
            },
            {
                "name": "introduction",

                "elements": [
                    {
                        "name": "page",
                        "states": [
                            {
                                "theme": "light-green"
                            }
                        ]
                    },
                    {
                        "name": "header",
                        "states": [
                            {
                                "text": "We reimagined tax prep. Someone had to.",
                                "subText": "With automatic data import, quick W-2 upload, and easy ID scanning, we bring you a new H&R Block."
                            }
                        ]
                    },
                    {
                        "name": "content",
                        "states": [
                            {
                                "imgUrl": "/assets/images/ob_info.png"
                            }
                        ]
                    },
                    {
                        "name": "primary_button",
                        "states": [
                            {
                                "text": "Let's go"
                            }
                        ]
                    },
                    {
                        "name": "secondary_button",
                        "states": [
                            {
                                "text": "No thanks",
                                "theme": "light-green"
                            }
                        ]
                    },
                    {
                        "name": "footer_link",
                        "states": [
                            {
                                "text": "See disqualification scenarios",
                                "theme": "primary-black"
                            }
                        ]
                    },
                    {
                        "name": "footer",
                        "states": [
                            {
                                "text": "If at any point you have a tax situation our new experience doesn't cover, we can send you to our existing experience to finish your taxes."
                            }
                        ]
                    }
                ]
            },
            {
                "name": "onboarding",
                "elements": [
                    {
                        "name": "page",
                        "states": [
                            {
                                "theme": "light-green"
                            }
                        ]
                    },
                    {
                        "name": "header",
                        "states": [
                            {
                                "text": "Great! Here’s what we already know about you..."
                            }
                        ]
                    },
                    {
                        "name": "profileCard",
                        "states": [
                            {
                                "text": "Tax profile",
                                "theme": "light-green"
                            }
                        ]
                    },
                    {
                        "name": "textCard",
                        "states": [
                            {
                                "text": "Last year’s refund"
                            }
                        ]
                    },
                    {
                        "name": "content",
                        "states": [
                            {
                                "text": "Any major life changes in {{taxYear}}?"
                            }
                        ]
                    },
                    {
                        "name": "selection-married",
                        "states": [
                            {
                                "text": "I got married",
                                "name": "lifechange",
                                "value": "married"
                            }
                        ]
                    },
                    {
                        "name": "selection-deps",
                        "states": [
                            {
                                "text": "I gained dependents",
                                "name": "lifechange",
                                "value": "dependents"
                            }
                        ]
                    },
                    {
                        "name": "selection-student",
                        "states": [
                            {
                                "text": "I became a student",
                                "name": "lifechange",
                                "value": "student"
                            }
                        ]
                    },
                    {
                        "name": "selection-home",
                        "states": [
                            {
                                "text": "I bought a home",
                                "name": "lifechange",
                                "value": "home"
                            }
                        ]
                    },
                    {
                        "name": "toggleCard",
                        "states": [
                            {
                                "text": "I moved",
                                "imgUrl": "/assets/images/green_tick_icon.svg",
                                "options": [
                                    {
                                        "text": "Tell us where you moved."
                                    },
                                    {
                                        "name": "moved",
                                        "text": "I moved out of state",
                                        "value": "outofstate"
                                    },
                                    {
                                        "name": "moved",
                                        "text": "I stayed in Texas",
                                        "value": "instate"
                                    }
                                ]
                            }
                        ]
                    },
                    {
                        "name": "primaryButton",
                        "states": [
                            {
                                "state": "unchanged",
                                "text": "Nope, nothing changed"
                            },
                            {
                                "state": "changed",
                                "text": "Next"
                            }
                        ]
                    }
                ]
            },
            {
                "name": "free_online",
                "elements": [
                    {
                        "name": "page",
                        "states": [
                            {
                                "theme": "ui-yellow",
                                "text": "Taking you to our current experience...",
                                "imgUrl": "/assets/images/Processing.gif"
                            }
                        ]
                    },
                    {
                        "name": "content",
                        "states": [
                            {
                                "state": "play",
                                "footerImgUrl": "/assets/images/play_black_icon.svg"
                            },
                            {
                                "state": "pause",
                                "footerImgUrl": "/assets/images/pause_black_icon.svg"
                            }
                        ]
                    }
                ]
            },
            {
                "name": "get_started",
                "elements": [
                    {
                        "name": "page",
                        "states": [
                            {
                                "theme": "ui-yellow",
                                "text": "Let’s get started on your 2020 taxes!",
                                "imgUrl": "/assets/images/onboardingglass.svg"
                            }
                        ]
                    },
                    {
                        "name": "content",
                        "states": [
                            {
                                "state": "play",
                                "footerImgUrl": "/assets/images/play_icon.svg"
                            },
                            {
                                "state": "pause",
                                "footerImgUrl": "/assets/images/pause_icon.svg"
                            }
                        ]
                    }
                ]
            },
            {
                "name": "data_task_completed",
                "elements": [
                    {
                        "name": "page",
                        "states": [
                            {
                                "theme": "primary",
                                "text": "You got a jump start by pulling in all your info from 2020. Nice!",
                                "imgUrl": "/assets/images/jumppulling.svg",
                                "subText": "Pulled in prior year info"
                            }
                        ]
                    },
                    {
                        "name": "content",
                        "states": [
                            {
                                "state": "play",
                                "footerImgUrl": "/assets/images/play_icon.svg"
                            },
                            {
                                "state": "pause",
                                "footerImgUrl": "/assets/images/pause_icon.svg"
                            }
                        ]
                    }
                ]
            },
            {
                "name": "disqualify",
                "elements": [
                    {
                        "name": "page",
                        "states": [
                            {
                                "theme": "primary",
                                "subText": "No need to go anywhere; we’ll quickly transfer your data so you can finish in our current experience."
                            }
                        ]
                    },
                    {
                        "name": "content",
                        "states": [
                            {
                                "state": "dependents",
                                "text": "Congrats on growing your family! Unfortunately, dependents aren’t in this experience yet."
                            },
                            {
                                "state": "student",
                                "text": "Furthering your education is always a win; it’s just not supported in this experience yet."
                            },
                            {
                                "state": "married",
                                "text": "We’re sorry, you don’t qualify for our new tax prep experience."
                            },
                            {
                                "state": "home",
                                "text": "What a boss move! Though we’re excited for you, we don’t support buying a house in this experience yet."
                            },
                            {
                                "state": "outofstate",
                                "text": "Moving out of state sounds adventurous! Unfortunately, we don’t support moving out of state in this experience yet."
                            }
                        ]
                    },
                    {
                        "name": "primary_button",
                        "states": [
                            {
                                "text": "Continue to Free Online",
                                "theme": "primary"
                            }
                        ]
                    },
                    {
                        "name": "secondary_button",
                        "states": [
                            {
                                "text": "Go back",
                                "theme": "secondary"
                            }
                        ]
                    }
                ]
            },
            {
                "name": "disqualification_go_back",
                "elements": [
                    {
                        "name": "page",
                        "states": [
                            {
                                "theme": "ui-yellow"
                            }
                        ]
                    },
                    {
                        "name": "content",
                        "states": [
                            {
                                "text": "We see what you did there!",
                                "subText": "Curiosity is in our nature — we get it! You like to see how things work, and that's why we chose you. However, please make sure the info you're giving us is accurate."
                            }
                        ]
                    },
                    {
                        "name": "secondary_button",
                        "states": [
                            {
                                "text": "Got it",
                                "theme": "secondary"
                            }
                        ]
                    }
                ]
            },
            {
                "name": "mfs",
                "elements": [
                    {
                        "name": "page",
                        "states": [
                            {
                                "theme": "primary"
                            }
                        ]
                    },
                    {
                        "name": "content",
                        "states": [
                            {
                                "text": "We’re sorry, you don’t qualify for our new tax prep experience.",
                                "subText": "No need to go anywhere; we’ll quickly transfer your data so you can finish in our current experience."
                            }
                        ]
                    },
                    {
                        "name": "secondary_button",
                        "states": [
                            {
                                "text": "Go back",
                                "theme": "primary"
                            }
                        ]
                    },
                    {
                        "name": "primary_button",
                        "states": [
                            {
                                "text": "Continue to Free Online",
                                "theme": "secondary"
                            }
                        ]
                    }
                ]
            },
            {
                "name": "itemize",
                "elements": [
                    {
                        "name": "page",
                        "states": [
                            {
                                "theme": "primary"
                            }
                        ]
                    },
                    {
                        "name": "content",
                        "states": [
                            {
                                "text": "Itemizing might mean less taxes, which is great! However it’s not something we currently support through this product.",
                                "subText": "No need to go anywhere; we’ll quickly transfer your data so you can finish in our current experience."
                            }
                        ]
                    },
                    {
                        "name": "primary_button",
                        "states": [
                            {
                                "text": "Continue to Free Online",
                                "theme": "secondary"
                            }
                        ]
                    },
                    {
                        "name": "secondary_button",
                        "states": [
                            {
                                "text": "Go back",
                                "theme": "primary"
                            }
                        ]
                    }
                ]
            },
            {
                "name": "bought_a_house",
                "elements": [
                    {
                        "name": "page",
                        "states": [
                            {
                                "theme": "primary"
                            }
                        ]
                    },
                    {
                        "name": "content",
                        "states": [
                            {
                                "text": "What a boss move! Though we’re excited you bought a new house, this experience isn’t ready for such a big change yet.",
                                "subText": "No need to go anywhere; we’ll quickly transfer your data so you can finish in our current experience."
                            }
                        ]
                    },
                    {
                        "name": "primary_button",
                        "states": [
                            {
                                "text": "Continue to Free Online",
                                "theme": "secondary"
                            }
                        ]
                    },
                    {
                        "name": "secondary_button",
                        "states": [
                            {
                                "text": "Go back",
                                "theme": "primary"
                            }
                        ]
                    }
                ]
            },
            {
                "name": "dependents",
                "elements": [
                    {
                        "name": "page",
                        "states": [
                            {
                                "theme": "primary"
                            }
                        ]
                    },
                    {
                        "name": "content",
                        "states": [
                            {
                                "text": "Congrats on growing your family! Unfortunately, dependents aren’t in this experience yet.",
                                "subText": "No need to go anywhere; we’ll quickly transfer your data so you can finish in our current experience."
                            }
                        ]
                    },
                    {
                        "name": "primary_button",
                        "states": [
                            {
                                "text": "Continue to Free Online",
                                "theme": "secondary"
                            }
                        ]
                    },
                    {
                        "name": "secondary_button",
                        "states": [
                            {
                                "text": "Go back",
                                "theme": "primary"
                            }
                        ]
                    }
                ]
            },
            {
                "name": "become_student",
                "elements": [
                    {
                        "name": "page",
                        "states": [
                            {
                                "theme": "primary"
                            }
                        ]
                    },
                    {
                        "name": "content",
                        "states": [
                            {
                                "text": "Furthering your education is always a win; it’s just not in this experience yet.",
                                "subText": "No need to go anywhere; we’ll quickly transfer your data so you can finish in our current experience."
                            }
                        ]
                    },
                    {
                        "name": "primary_button",
                        "states": [
                            {
                                "text": "Continue to Free Online",
                                "theme": "secondary"
                            }
                        ]
                    },
                    {
                        "name": "secondary_button",
                        "states": [
                            {
                                "text": "Go back",
                                "theme": "primary"
                            }
                        ]
                    }
                ]
            },
            {
                "name": "moving_out_state",
                "elements": [
                    {
                        "name": "page",
                        "states": [
                            {
                                "theme": "primary"
                            }
                        ]
                    },
                    {
                        "name": "content",
                        "states": [
                            {
                                "text": "Moving out of state sounds adventurous! However, it’s not a life change in this experience yet.",
                                "subText": "No need to go anywhere; we’ll quickly transfer your data so you can finish in our current experience."
                            }
                        ]
                    },
                    {
                        "name": "primary_button",
                        "states": [
                            {
                                "text": "Continue to Free Online",
                                "theme": "secondary"
                            }
                        ]
                    },
                    {
                        "name": "secondary_button",
                        "states": [
                            {
                                "text": "Go back",
                                "theme": "primary"
                            }
                        ]
                    }
                ]
            },
            {
                "name": "disqualification_go_back",
                "elements": [
                    {
                        "name": "page",
                        "states": [
                            {
                                "theme": "ui-yellow"
                            }
                        ]
                    },
                    {
                        "name": "content",
                        "states": [
                            {
                                "text": "We see what you did there!",
                                "subText": "Curiosity is in our nature — we get it! You like to see how things work, and that's why we chose you. However, please make sure the info you're giving us is accurate."
                            }
                        ]
                    },
                    {
                        "name": "secondary_button",
                        "states": [
                            {
                                "text": "Got it",
                                "theme": "secondary"
                            }
                        ]
                    }
                ]
            }
        ]
    },
    {
        "app": "add-w2",
        "screens": [
            {
                "name": "manual_entry",
                "elements": [
                    {
                        "name": "progress_circle",
                        "states": []
                    },
                    {
                        "name": "navbar_header",
                        "states": [
                            {
                                "options": [
                                    {
                                        "text": "Confirm status"
                                    },
                                    {
                                        "text": "Add W-2"
                                    },
                                    {
                                        "text": "Verify ID"
                                    },
                                    {
                                        "text": "Answer questions"
                                    },
                                    {
                                        "text": "File Return",
                                        "icon": "lock",
                                        "disabled": true
                                    }
                                ]
                            }
                        ]
                    },
                    {
                        "name": "page_title",
                        "states": [
                            {
                                "text": "Enter your W-2 info."
                            }
                        ]
                    },
                    {
                        "name": "form_nav_header",
                        "states": [
                            {
                                "options": [
                                    {
                                        "text": "Employer's Info"
                                    },
                                    {
                                        "text": "Employee's Info"
                                    },
                                    {
                                        "text": "Federal income taxes"
                                    },
                                    {
                                        "text": "State and local taxes"
                                    }
                                ]
                            }
                        ]
                    },
                    {
                        "name": "footer_buttons",
                        "states": [
                            {
                                "state": "normal",
                                "options": [
                                    {
                                        "text": "Next section"
                                    },
                                    {
                                        "text": "Save and finish later",
                                        "theme": "secondary"
                                    }
                                ]
                            },
                            {
                                "state": "final",
                                "options": [
                                    {
                                        "text": "Save and review"
                                    },
                                    {
                                        "text": "Save and finish later",
                                        "theme": "secondary"
                                    }
                                ]
                            }
                        ]
                    }
                ]
            }
        ]
    },
    {
        "app": "w2-insights",
        "screens": [
            {
                "name": "federalrefund",
                "elements": [
                    {
                        "name": "page",
                        "states": [
                            {
                                "theme": "primary"
                            }
                        ]
                    },
                    {
                        "name": "header",
                        "states": [
                            {
                                "text": "$1,267",
                                "subText": "Federal refund"
                            }
                        ]
                    },
                    {
                        "name": "content",
                        "states": [
                            {
                                "imgUrl": "/assets/images/MaximumRefund.gif"
                            }
                        ]
                    },
                    {
                        "name": "secondary_button",
                        "states": [
                            {
                                "text": "Next",
                                "theme": "secondary"
                            }
                        ]
                    },
                    {
                        "name": "primary_button",
                        "states": [
                            {
                                "text": "View refund summary",
                                "theme": "primary"
                            }
                        ]
                    }
                ]
            },
            {
                "name": "w2insights-intro",
                "elements": [
                    {
                        "name": "page",
                        "states": [
                            {
                                "theme": "light-green"
                            }
                        ]
                    },
                    {
                        "name": "header",
                        "states": [
                            {
                                "text": "Here's  what we know about you so far..."
                            }
                        ]
                    },
                    {
                        "name": "content_cards",
                        "states": [
                            {
                                "options": [
                                    {
                                        "text": "You worked and lived in Texas.",
                                        "imgUrl": "http://localhost:9500/assets/images/lived_in_texas.svg"
                                    },
                                    {
                                        "text": "You had employer provided health care.",
                                        "imgUrl": "http://localhost:9500/assets/images/employer.svg"
                                    },
                                    {
                                        "text": "You made 401(k) contributions, too. Way to go!",
                                        "imgUrl": "http://localhost:9500/assets/images/contribution.svg"
                                    }
                                ]
                            }
                        ]
                    },
                    {
                        "name": "primary_button",
                        "states": [
                            {
                                "text": "See federal refund",
                                "theme": "primary"
                            }
                        ]
                    },
                    {
                        "name": "secondary_button",
                        "states": [{}]
                    },
                    {
                        "name": "footer_link",
                        "states": [{}]
                    },
                    {
                        "name": "footer",
                        "states": [{}]
                    }
                ]
            }
        ]
    },
    {
        "app": "w2-insights-balance-due",
        "screens": [
            {
                "name": "balance-intro",
                "elements": [
                    {
                        "name": "page",
                        "states": [
                            {
                                "theme": "light-green"
                            }
                        ]
                    },
                    {
                        "name": "header",
                        "states": [
                            {
                                "text": "Here's  what we know about you so far..."
                            }
                        ]
                    },
                    {
                        "name": "content_cards",
                        "states": [
                            {
                                "options": [
                                    {
                                        "text": "You worked and lived in Texas.",
                                        "imgUrl": "http://localhost:9500/assets/images/lived_in_texas.svg"
                                    },
                                    {
                                        "text": "You had employer provided health care.",
                                        "imgUrl": "http://localhost:9500/assets/images/employer.svg"
                                    },
                                    {
                                        "text": "You made 401(k) contributions, too. Way to go!",
                                        "imgUrl": "http://localhost:9500/assets/images/contribution.svg"
                                    }
                                ]
                            }
                        ]
                    },
                    {
                        "name": "primary_button",
                        "states": [
                            {
                                "text": "See balance due",
                                "theme": "primary"
                            }
                        ]
                    },
                    {
                        "name": "secondary_button",
                        "states": [{}]
                    },
                    {
                        "name": "footer_link",
                        "states": [{}]
                    },
                    {
                        "name": "footer",
                        "states": [{}]
                    }
                ]
            },
            {
                "name": "federalbalance",
                "elements": [
                    {
                        "name": "page",
                        "states": [
                            {
                                "theme": "medium-light-yellow"
                            }
                        ]
                    },
                    {
                        "name": "header",
                        "states": [
                            {
                                "text": "$532",
                                "subText": "Federal balance due"
                            }
                        ]
                    },
                    {
                        "name": "content",
                        "states": [
                            {
                                "imgUrl": "/assets/images/MaximumRefund.gif"
                            }
                        ]
                    },
                    {
                        "name": "secondary_button",
                        "states": [
                            {
                                "text": "Next",
                                "theme": "secondary"
                            }
                        ]
                    },
                    {
                        "name": "primary_button",
                        "states": [
                            {
                                "text": "View balance due summary",
                                "theme": "medium-light-yellow"
                            }
                        ]
                    },
                    {
                        "name": "footer_link",
                        "states": [{}]
                    },
                    {
                        "name": "footer",
                        "states": [{}]
                    }
                ]
            }
        ]
    },
    {
        "app": "insights",
        "screens": [
            {
                "name": "thankyou",
                "elements": [
                    {
                        "name": "page",
                        "states": [
                            {
                                "theme": "light-green"
                            }
                        ]
                    },
                    {
                        "name": "header",
                        "states": [
                            {
                                "text": "Thanks for that!"
                            }
                        ]
                    },
                    {
                        "name": "content_cards",
                        "states": [
                            {
                                "options": [
                                    {
                                        "text": "Having your ID helps the IRS protect your data.",
                                        "imgUrl": "http://localhost:9500/assets/images/RefundAccepted.gif"
                                    },
                                    {
                                        "text": "Psst... don’t forget to renew your license in a couple months. 😉",
                                        "imgUrl": "http://localhost:9500/assets/images/calendar.png"
                                    },
                                    {
                                        "text": "And—happy early birthday, even if it’s 187 days away!",
                                        "imgUrl": "http://localhost:9500/assets/images/gift.png"
                                    }
                                ]
                            }
                        ]
                    },
                    {
                        "name": "primary_button",
                        "states": [
                            {
                                "text": "Next"
                            }
                        ]
                    }
                ]
            }
        ]
    },
    {
        "app": "filereturn",
        "screens": [
            {
                "name": "thankyou",
                "elements": [
                    {
                        "name": "page",
                        "states": [
                            {
                                "theme": "light-green"
                            }
                        ]
                    },
                    {
                        "name": "content",
                        "states": [
                            {
                                "text": "Thank you. We really appreciate it!",
                                "subText": "Your feedback helps us make our product better.",
                                "imgUrl": "/assets/images/hand.svg"
                            }
                        ]
                    },
                    {
                        "name": "primary_button",
                        "states": [
                            {
                                "text": "Close",
                                "theme": "primary"
                            }
                        ]
                    }
                ]
            },
            {
                "name": "returnField",
                "elements": [
                    {
                        "name": "page",
                        "states": [
                            {
                                "theme": "primary"
                            }
                        ]
                    },
                    {
                        "name": "header",
                        "states": [
                            {
                                "text": "Your return is filed!",
                                "subText": "Sit back and relax! We’ll keep you updated on its status."
                            }
                        ]
                    },
                    {
                        "name": "content",
                        "states": [
                            {
                                "imgUrl": "/assets/images/FederalTaxesFiled.gif"
                            }
                        ]
                    },
                    {
                        "name": "primary_button",
                        "states": [
                            {
                                "text": "Done",
                                "theme": "secondary"
                            }
                        ]
                    },
                    {
                        "name": "secondary_button",
                        "states": [
                            {
                                "text": "Give feedback",
                                "theme": "primary"
                            }
                        ]
                    }
                ]
            }
        ]
    },
    {
        "app": "add_w2_pic",
        "screens": [
            {
                "name": "w2_missing_file",
                "elements": [
                    {
                        "name": "page",
                        "states": [
                            {
                                "theme": "medium-light-yellow"
                            }
                        ]
                    },
                    {
                        "name": "header",
                        "states": [
                            {
                                "text": "There  are quite a  few missing fields.",
                                "subText": "We noticed there are [#] fields missing. How do you want to proceed?"
                            }
                        ]
                    },
                    {
                        "name": "content",
                        "states": [{}]
                    },
                    {
                        "name": "primary_button",
                        "states": [
                            {
                                "text": "Try another way",
                                "theme": "secondary"
                            }
                        ]
                    },
                    {
                        "name": "secondary_button",
                        "states": [
                            {
                                "text": "Continue to review W-2",
                                "theme": "medium-light-yellow"
                            }
                        ]
                    },
                    {
                        "name": "footer_link",
                        "states": [{}]
                    },
                    {
                        "name": "footer",
                        "states": [{}]
                    }
                ]
            },
            {
                "name": "w2_import_file",
                "elements": [
                    {
                        "name": "page",
                        "states": [
                            {
                                "theme": "medium-light-yellow"
                            }
                        ]
                    },
                    {
                        "name": "header",
                        "states": [
                            {
                                "text": "There  are quite a  few missing fields.",
                                "subText": "We noticed there are [#] fields missing, and that we can import your W-2 automatically from your payroll provider. Want to try?"
                            }
                        ]
                    },
                    {
                        "name": "content",
                        "states": [{}]
                    },
                    {
                        "name": "primary_button",
                        "states": [
                            {
                                "text": "Try another way",
                                "theme": "secondary"
                            }
                        ]
                    },
                    {
                        "name": "secondary_button",
                        "states": [
                            {
                                "text": "Continue to review W-2",
                                "theme": "medium-light-yellow"
                            }
                        ]
                    },
                    {
                        "name": "footer_link",
                        "states": [{}]
                    },
                    {
                        "name": "footer",
                        "states": [{}]
                    }
                ]
            },
            {
                "name": "pic_capture",
                "elements": [
                    {
                        "name": "page",
                        "states": [
                            {
                                "theme": "medium-light-yellow"
                            }
                        ]
                    },
                    {
                        "name": "header",
                        "states": [
                            {
                                "text": "Your pic should capture all four corners.",
                                "subText": "Separate just one copy to help make edges more clear."
                            }
                        ]
                    },
                    {
                        "name": "content",
                        "states": [{}]
                    },
                    {
                        "name": "primary_button",
                        "states": [
                            {
                                "text": "Try another way",
                                "theme": "secondary"
                            }
                        ]
                    },
                    {
                        "name": "footer_link",
                        "states": [
                            {
                                "text": "Try another way",
                                "theme": "primary-black"
                            }
                        ]
                    },
                    {
                        "name": "footer",
                        "states": [{}]
                    }
                ]
            },
            {
                "name": "light_information",
                "elements": [
                    {
                        "name": "page",
                        "states": [
                            {
                                "theme": "medium-light-yellow"
                            }
                        ]
                    },
                    {
                        "name": "header",
                        "states": [
                            {
                                "text": "Try reducing the light in the room.",
                                "subText": "Your image has too much light."
                            }
                        ]
                    },
                    {
                        "name": "content",
                        "states": [{}]
                    },
                    {
                        "name": "primary_button",
                        "states": [
                            {
                                "text": "Try another way",
                                "theme": "secondary"
                            }
                        ]
                    },
                    {
                        "name": "footer_link",
                        "states": [
                            {
                                "text": "Try another way",
                                "theme": "primary-black"
                            }
                        ]
                    },
                    {
                        "name": "footer",
                        "states": [{}]
                    }
                ]
            },
            {
                "name": "lighting_up",
                "elements": [
                    {
                        "name": "page",
                        "states": [
                            {
                                "theme": "medium-light-yellow"
                            }
                        ]
                    },
                    {
                        "name": "header",
                        "states": [
                            {
                                "text": "Try lighting up the room",
                                "subText": "Your image is poorly lit."
                            }
                        ]
                    },
                    {
                        "name": "content",
                        "states": [{}]
                    },
                    {
                        "name": "primary_button",
                        "states": [
                            {
                                "text": "Try another way",
                                "theme": "secondary"
                            }
                        ]
                    },
                    {
                        "name": "footer_link",
                        "states": [
                            {
                                "text": "Try another way",
                                "theme": "primary-black"
                            }
                        ]
                    },
                    {
                        "name": "footer",
                        "states": [{}]
                    }
                ]
            },
            {
                "name": "flash_off",
                "elements": [
                    {
                        "name": "page",
                        "states": [
                            {
                                "theme": "medium-light-yellow"
                            }
                        ]
                    },
                    {
                        "name": "header",
                        "states": [
                            {
                                "text": "Try turning off your flash",
                                "subText": "Your image has too much glare."
                            }
                        ]
                    },
                    {
                        "name": "content",
                        "states": [{}]
                    },
                    {
                        "name": "primary_button",
                        "states": [
                            {
                                "text": "Try another way",
                                "theme": "secondary"
                            }
                        ]
                    },
                    {
                        "name": "footer_link",
                        "states": [
                            {
                                "text": "Try another way",
                                "theme": "primary-black"
                            }
                        ]
                    },
                    {
                        "name": "footer",
                        "states": [{}]
                    }
                ]
            },
            {
                "name": "camera_hold",
                "elements": [
                    {
                        "name": "page",
                        "states": [
                            {
                                "theme": "medium-light-yellow"
                            }
                        ]
                    },
                    {
                        "name": "header",
                        "states": [
                            {
                                "text": "Try holding your camera steady",
                                "subText": "Your image is too blurry."
                            }
                        ]
                    },
                    {
                        "name": "content",
                        "states": [{}]
                    },
                    {
                        "name": "primary_button",
                        "states": [
                            {
                                "text": "Try another way",
                                "theme": "secondary"
                            }
                        ]
                    },
                    {
                        "name": "footer_link",
                        "states": [
                            {
                                "text": "Try another way",
                                "theme": "primary-black"
                            }
                        ]
                    },
                    {
                        "name": "footer",
                        "states": [{}]
                    }
                ]
            },
            {
                "name": "moving_camera",
                "elements": [
                    {
                        "name": "page",
                        "states": [
                            {
                                "theme": "medium-light-yellow"
                            }
                        ]
                    },
                    {
                        "name": "header",
                        "states": [
                            {
                                "text": "Try moving your phone.",
                                "subText": "Make sure your phone's shadow isn't in the pic. It helps to turn on your flash."
                            }
                        ]
                    },
                    {
                        "name": "content",
                        "states": [{}]
                    },
                    {
                        "name": "primary_button",
                        "states": [
                            {
                                "text": "Try another way",
                                "theme": "secondary"
                            }
                        ]
                    },
                    {
                        "name": "footer_link",
                        "states": [
                            {
                                "text": "Try another way",
                                "theme": "primary-black"
                            }
                        ]
                    },
                    {
                        "name": "footer",
                        "states": [{}]
                    }
                ]
            },
            {
                "name": "different_info",
                "elements": [
                    {
                        "name": "page",
                        "states": [
                            {
                                "theme": "medium-light-yellow"
                            }
                        ]
                    },
                    {
                        "name": "header",
                        "states": [
                            {
                                "text": "Try adding your W-2 a different way.",
                                "subText": "Sorry we've having such a hard time with your pic. Let's go ahead and try a different way to get your info."
                            }
                        ]
                    },
                    {
                        "name": "content",
                        "states": [{}]
                    },
                    {
                        "name": "primary_button",
                        "states": [
                            {
                                "text": "Try another way",
                                "theme": "secondary"
                            }
                        ]
                    },
                    {
                        "name": "footer_link",
                        "states": [
                            {
                                "text": "Skip for now",
                                "theme": "primary-black"
                            }
                        ]
                    },
                    {
                        "name": "footer",
                        "states": [{}]
                    }
                ]
            },
            {
                "name": "w2_add_diff",
                "elements": [
                    {
                        "name": "page",
                        "states": [
                            {
                                "theme": "medium-light-yellow"
                            }
                        ]
                    },
                    {
                        "name": "header",
                        "states": [{}]
                    },
                    {
                        "name": "content",
                        "states": [
                            {
                                "text": "Try adding your W-2 a different way.",
                                "subText": "Explore other ways to import your W2 back on your desktop browser."
                            }
                        ]
                    },
                    {
                        "name": "footer_link",
                        "states": [{}]
                    },
                    {
                        "name": "footer",
                        "states": [{}]
                    }
                ]
            },
            {
                "name": "w2_got_it",
                "elements": [
                    {
                        "name": "page",
                        "states": [
                            {
                                "theme": "light-blue"
                            }
                        ]
                    },
                    {
                        "name": "header",
                        "states": [{}]
                    },
                    {
                        "name": "content",
                        "states": [
                            {
                                "text": "We’ve got it!",
                                "subText": "Head back to your browser. Your W-2 is waiting for you there."
                            }
                        ]
                    },
                    {
                        "name": "primary_button",
                        "states": [
                            {
                                "text": "Close window",
                                "theme": "black"
                            }
                        ]
                    },
                    {
                        "name": "secondary_button",
                        "states": [
                            {
                                "text": "Retake pic",
                                "theme": "light-blue"
                            }
                        ]
                    },
                    {
                        "name": "footer_link",
                        "states": [{}]
                    },
                    {
                        "name": "footer",
                        "states": [{}]
                    }
                ]
            },
            {
                "name": "import",
                "elements": [
                    {
                        "name": "page",
                        "states": [
                            {
                                "theme": "medium-light-yellow"
                            }
                        ]
                    },
                    {
                        "name": "header",
                        "states": [
                            {
                                "text": "There are quite a few missing fields.",
                                "subText": "We noticed there are [#] fields missing, and that we can import your W-2 automatically from your payroll provider. Want to try?"
                            }
                        ]
                    },
                    {
                        "name": "content",
                        "states": [{}]
                    },
                    {
                        "name": "primary_button",
                        "states": [
                            {
                                "text": "Import W-2",
                                "theme": "secondary"
                            }
                        ]
                    },
                    {
                        "name": "secondary_button",
                        "states": [
                            {
                                "text": "Continue to review W-2",
                                "theme": "medium-light-yellow"
                            }
                        ]
                    },
                    {
                        "name": "footer_link",
                        "states": [
                            {
                                "text": "Try another way",
                                "theme": "primary-black"
                            }
                        ]
                    }
                ]
            },
            {
                "name": "no_import",
                "elements": [
                    {
                        "name": "page",
                        "states": [
                            {
                                "theme": "medium-light-yellow"
                            }
                        ]
                    },
                    {
                        "name": "header",
                        "states": [
                            {
                                "text": "There are quite a few missing fields.",
                                "subText": "We noticed there are [#] fields missing. How do you want to proceed?"
                            }
                        ]
                    },
                    {
                        "name": "content",
                        "states": [{}]
                    },
                    {
                        "name": "primary_button",
                        "states": [
                            {
                                "text": "Try another way",
                                "theme": "secondary"
                            }
                        ]
                    },
                    {
                        "name": "secondary_button",
                        "states": [
                            {
                                "text": "Continue to review W-2",
                                "theme": "medium-light-yellow"
                            }
                        ]
                    }
                ]
            },
            {
                "name": "import_fail",
                "elements": [
                    {
                        "name": "page",
                        "states": [
                            {
                                "theme": "medium-light-yellow"
                            }
                        ]
                    },
                    {
                        "name": "content",
                        "states": [
                            {
                                "text": "We’re sorry, we couldn’t import your W-2.",
                                "subText": "It looks like your payroll provider isn't a partner just yet, so we couldn't import your info.",
                                "imgText": ". We are hard at work and constantly adding new employers — we hope to add yours soon!"
                            }
                        ]
                    },
                    {
                        "name": "secondary_button",
                        "states": [
                            {
                                "text": "Try another way",
                                "theme": "secondary"
                            }
                        ]
                    },
                    {
                        "name": "footer_link",
                        "states": [
                            {
                                "text": "Skip for now",
                                "theme": "primary-black"
                            }
                        ]
                    }
                ]
            }
        ]
    }
]
