{
    "app": "onboarding",
    "screens": [
        {
            "name": "welcome",
            "elements": [
                {
                    "name": "page",
                    "states": [
                        {
                            "theme": "primary",
                            "text": "Welcome back, {{user}}!"
                        }
                    ]
                },
                {
                    "name": "content",
                    "states": [
                        {
                            "state": "play",
                            "footerImgUrl": "/assets/images/play_icon.svg"
                        },
                        {
                            "state": "pause",
                            "footerImgUrl": "/assets/images/pause_icon.svg"
                        }
                    ]
                }
            ]
        },
        {
            "name": "introduction",

            "elements": [
                {
                    "name": "page",
                    "states": [
                        {
                            "theme": "light-green"
                        }
                    ]
                },
                {
                    "name": "header",
                    "states": [
                        {
                            "text": "We reimagined tax prep. Someone had to.",
                            "subText": "With automatic data import, quick W-2 upload, and easy ID scanning, we bring you a new H&R Block."
                        }
                    ]
                },
                {
                    "name": "content",
                    "states": [
                        {
                            "imgUrl": "/assets/images/ob_info.png"
                        }
                    ]
                },
                {
                    "name": "primary_button",
                    "states": [
                        {
                            "text": "Let's go"
                        }
                    ]
                },
                {
                    "name": "secondary_button",
                    "states": [
                        {
                            "text": "No thanks",
                            "theme": "light-green"
                        }
                    ]
                },
                {
                    "name": "footer_link",
                    "states": [
                        {
                            "text": "See disqualification scenarios",
                            "theme": "primary-black"
                        }
                    ]
                },
                {
                    "name": "footer",
                    "states": [
                        {
                            "text": "If at any point you have a tax situation our new experience doesn't cover, we can send you to our existing experience to finish your taxes."
                        }
                    ]
                }
            ]
        },
        {
            "name": "onboarding",
            "elements": [
                {
                    "name": "page",
                    "states": [
                        {
                            "theme": "light-green"
                        }
                    ]
                },
                {
                    "name": "header",
                    "states": [
                        {
                            "text": "Great! Here’s what we already know about you..."
                        }
                    ]
                },
                {
                    "name": "profileCard",
                    "states": [
                        {
                            "text": "Tax profile",
                            "theme": "light-green"
                        }
                    ]
                },
                {
                    "name": "textCard",
                    "states": [
                        {
                            "text": "Last year’s refund"
                        }
                    ]
                },
                {
                    "name": "content",
                    "states": [
                        {
                            "text": "Any major life changes in {{taxYear}}?"
                        }
                    ]
                },
                {
                    "name": "selection-married",
                    "states": [
                        {
                            "text": "I got married",
                            "name": "lifechange",
                            "value": "married"
                        }
                    ]
                },
                {
                    "name": "selection-deps",
                    "states": [
                        {
                            "text": "I gained dependents",
                            "name": "lifechange",
                            "value": "dependents"
                        }
                    ]
                },
                {
                    "name": "selection-student",
                    "states": [
                        {
                            "text": "I became a student",
                            "name": "lifechange",
                            "value": "student"
                        }
                    ]
                },
                {
                    "name": "selection-home",
                    "states": [
                        {
                            "text": "I bought a home",
                            "name": "lifechange",
                            "value": "home"
                        }
                    ]
                },
                {
                    "name": "toggleCard",
                    "states": [
                        {
                            "text": "I moved",
                            "imgUrl": "/assets/images/green_tick_icon.svg",
                            "options": [
                                {
                                    "text": "Tell us where you moved."
                                },
                                {
                                    "name": "moved",
                                    "text": "I moved out of state",
                                    "value": "outofstate"
                                },
                                {
                                    "name": "moved",
                                    "text": "I stayed in Texas",
                                    "value": "instate"
                                }
                            ]
                        }
                    ]
                },
                {
                    "name": "primaryButton",
                    "states": [
                        {
                            "state": "unchanged",
                            "text": "Nope, nothing changed"
                        },
                        {
                            "state": "changed",
                            "text": "Next"
                        }
                    ]
                }
            ]
        },
        {
            "name": "free_online",
            "elements": [
                {
                    "name": "page",
                    "states": [
                        {
                            "theme": "ui-yellow",
                            "text": "Taking you to our current experience...",
                            "imgUrl": "/assets/images/Processing.gif"
                        }
                    ]
                },
                {
                    "name": "content",
                    "states": [
                        {
                            "state": "play",
                            "footerImgUrl": "/assets/images/play_black_icon.svg"
                        },
                        {
                            "state": "pause",
                            "footerImgUrl": "/assets/images/pause_black_icon.svg"
                        }
                    ]
                }
            ]
        },
        {
            "name": "get_started",
            "elements": [
                {
                    "name": "page",
                    "states": [
                        {
                            "theme": "ui-yellow",
                            "text": "Let’s get started on your 2020 taxes!",
                            "imgUrl": "/assets/images/onboardingglass.svg"
                        }
                    ]
                },
                {
                    "name": "content",
                    "states": [
                        {
                            "state": "play",
                            "footerImgUrl": "/assets/images/play_icon.svg"
                        },
                        {
                            "state": "pause",
                            "footerImgUrl": "/assets/images/pause_icon.svg"
                        }
                    ]
                }
            ]
        },
        {
            "name": "data_task_completed",
            "elements": [
                {
                    "name": "page",
                    "states": [
                        {
                            "theme": "primary",
                            "text": "You got a jump start by pulling in all your info from 2020. Nice!",
                            "imgUrl": "/assets/images/jumppulling.svg",
                            "subText": "Pulled in prior year info"
                        }
                    ]
                },
                {
                    "name": "content",
                    "states": [
                        {
                            "state": "play",
                            "footerImgUrl": "/assets/images/play_icon.svg"
                        },
                        {
                            "state": "pause",
                            "footerImgUrl": "/assets/images/pause_icon.svg"
                        }
                    ]
                }
            ]
        },
        {
            "name": "disqualify",
            "elements": [
                {
                    "name": "page",
                    "states": [
                        {
                            "theme": "primary",
                            "subText": "No need to go anywhere; we’ll quickly transfer your data so you can finish in our current experience."
                        }
                    ]
                },
                {
                    "name": "content",
                    "states": [
                        {
                            "state": "dependents",
                            "text": "Congrats on growing your family! Unfortunately, dependents aren’t in this experience yet."
                        },
                        {
                            "state": "student",
                            "text": "Furthering your education is always a win; it’s just not supported in this experience yet."
                        },
                        {
                            "state": "married",
                            "text": "We’re sorry, you don’t qualify for our new tax prep experience."
                        },
                        {
                            "state": "home",
                            "text": "What a boss move! Though we’re excited for you, we don’t support buying a house in this experience yet."
                        },
                        {
                            "state": "outofstate",
                            "text": "Moving out of state sounds adventurous! Unfortunately, we don’t support moving out of state in this experience yet."
                        }
                    ]
                },
                {
                    "name": "primary_button",
                    "states": [
                        {
                            "text": "Continue to Free Online",
                            "theme": "primary"
                        }
                    ]
                },
                {
                    "name": "secondary_button",
                    "states": [
                        {
                            "text": "Go back",
                            "theme": "secondary"
                        }
                    ]
                }
            ]
        },
        {
            "name": "disqualification_go_back",
            "elements": [
                {
                    "name": "page",
                    "states": [
                        {
                            "theme": "ui-yellow"
                        }
                    ]
                },
                {
                    "name": "content",
                    "states": [
                        {
                            "text": "We see what you did there!",
                            "subText": "Curiosity is in our nature — we get it! You like to see how things work, and that's why we chose you. However, please make sure the info you're giving us is accurate."
                        }
                    ]
                },
                {
                    "name": "secondary_button",
                    "states": [
                        {
                            "text": "Got it",
                            "theme": "secondary"
                        }
                    ]
                }
            ]
        },
        {
            "name": "quick_questions",
            "quick_questions": {
                "toggle_card": [
                    {
                        "text": "How this works",
                        "subText": "With your employer identification number (EIN), we can automatically import your data if your employer is a partner. Simple!",
                        "imgUrl": "/assets/images/how-this-works.svg",
                        "theme": "light-blue"
                    }
                ]
            },
            "elements": [
                {
                    "name": "toggle_card",
                    "states": [
                        {
                            "text": "How this works",
                            "subText": "With your employer identification number (EIN), we can automatically import your data if your employer is a partner. Simple!",
                            "imgUrl": "/assets/images/how-this-works.svg",
                            "theme": "light-blue"
                        }
                    ]
                }                
            ]
        }
    ]
}
