{
    "appName": "add-w2",
    "screenName": "add-w2",
    "type": "FormTask",
    "groups": [
        {
            "name": "default",
            "items": [
                {
                    "type": "default",
                    "contentMeta": [
                        {
                            "name": "page",
                            "theme": "theme"
                        }
                    ]
                }
            ]
        },
        {
            "name": "header",
            "items": [
                {
                    "type": "header",
                    "contentMeta": [
                        {
                            "name": "navbar_header",
                            "options": "options"
                        }
                    ]
                }
            ]
        },
        {
            "name": "content",
            "items": [
                {
                    "type": "contentHeader",
                    "contentMeta": [
                        {
                            "name": "content_header",
                            "text": "text"
                        }
                    ]
                },
                {
                    "type": "contentHeaderSub",
                    "contentMeta": [
                        {
                            "name": "content_header",
                            "subText": "subText"
                        }
                    ]
                },
                {
                    "type": "actionCard",
                    "contentMeta": [
                        {
                            "name": "action_card",
                            "text": "text",
                            "subText": "subText",
                            "icon": "icon",
                            "theme": "theme",
                            "state": "target",
                            "actions": [
                                {
                                    "type": "home_selection",
                                    "params": {
                                        "screen": "add-w2"
                                    }
                                }
                            ]
                        }
                    ]
                }
            ]
        },
        {
            "name": "footer",
            "items": [
                {
                    "type": "footerButton",
                    "contentMeta": [
                        {
                            "name": "footer_button",
                            "description": "text",
                            "theme": "theme",
                            "actions": [
                                {
                                    "type": "navigate",
                                    "params": {
                                        "direction": "next",
                                        "screen": "add-w2"
                                    }
                                }
                            ]
                        }
                    ]
                },
                {
                    "type": "footerLink",
                    "contentMeta": [
                        {
                            "name": "footer_link",
                            "description": "text",
                            "theme": "theme",
                            "actions": [
                                {
                                    "type": "navigate",
                                    "params": {
                                        "direction": "next",
                                        "screen": "add-w2"
                                    }
                                }
                            ]
                        }
                    ]
                }
            ]
        }
    ],
    "navigation": {
        "next": "add-w2/skip-w2",
        "prev": "",
        "overlay": "add_w2"
    }
}
