{
    "appName": "add-w2",
    "screenName": "import-more-details",
    "type": "FormTask",
    "onload": [
        {
            "type": "onload_import_payroll",
            "params": {}
        }
    ],
    "groups": [
        {
            "name": "default",
            "items": [
                {
                    "type": "default",
                    "contentMeta": [
                        {
                            "name": "page",
                            "theme": "theme"
                        }
                    ]
                }
            ]
        },
        {
            "name": "header",
            "items": [
                {
                    "type": "header",
                    "contentMeta": [
                        {
                            "name": "navbar_header",
                            "options": "options"
                        }
                    ]
                }
            ]
        },
        {
            "name": "content",
            "items": [
                {
                    "type": "contentHeader",
                    "contentMeta": [
                        {
                            "name": "content_header",
                            "text": "text"
                        }
                    ]
                },
                {
                    "type": "contentHeaderSub",
                    "contentMeta": [
                        {
                            "name": "content_header",
                            "subText": "subText"
                        }
                    ]
                },
                {
                    "type": "dynamicForm",
                    "contentMeta": [
                        {
                            "name": "addProviderDetails",
                            "groups": "options"
                        }
                    ],
                    "groups": [
                        {
                            "contentMeta": [
                                {
                                    "title": "text",
                                    "layouts": "options"
                                }
                            ]
                        }
                    ],
                    "layouts": [
                        [
                            {
                                "contentMeta": [
                                    {
                                        "size": "size",
                                        "items": "options"
                                    }
                                ]
                            }
                        ]
                    ],
                    "items": [],
                    "alias": "ProviderDetailsForm"
                }
            ]
        },
        {
            "name": "footer",
            "items": [
                {
                    "type": "footerButton",
                    "contentMeta": [
                        {
                            "name": "footer_button",
                            "description": "text",
                            "theme": "theme",
                            "actions": [
                                {
                                    "type": "navigate",
                                    "params": {
                                        "direction": "next",
                                        "screen": "import-more-details"
                                    }
                                }
                            ]
                        }
                    ]
                }
            ]
        }
    ],
    "navigation": {
        "next": "add-w2/import-uploading",
        "prev": ""
    }
}
