{
    "appName": "add-w2",
    "screenName": "import-ein",
    "type": "FormTask",
    "groups": [
        {
            "name": "default",
            "items": [
                {
                    "type": "default",
                    "contentMeta": [
                        {
                            "name": "page",
                            "theme": "theme"
                        }
                    ]
                }
            ]
        },
        {
            "name": "header",
            "items": [
                {
                    "type": "header",
                    "contentMeta": [
                        {
                            "name": "navbar_header",
                            "options": "options"
                        }
                    ]
                }
            ]
        },
        {
            "name": "content",
            "items": [
                {
                    "type": "contentHeader",
                    "contentMeta": [
                        {
                            "name": "content_header",
                            "text": "text"
                        }
                    ]
                },
                {
                    "type": "dynamicForm",
                    "contentMeta": [
                        {
                            "name": "addEIN",
                            "groups": "options"
                        }
                    ],
                    "groups": [
                        {
                            "contentMeta": [
                                {
                                    "title": "text",
                                    "layouts": "options"
                                }
                            ]
                        }
                    ],
                    "layouts": [
                        [
                            {
                                "contentMeta": [
                                    {
                                        "size": "size",
                                        "items": "options"
                                    }
                                ]
                            }
                        ]
                    ],
                    "items": [
                        [
                            [
                                {
                                    "type": "Input",
                                    "contentMeta": [
                                        {
                                            "description": "text"
                                        }
                                    ],
                                    "alias": "EIN"
                                },
                                {
                                    "type": "Link",
                                    "contentMeta": [
                                        {
                                            "description": "text",
                                            "theme": "theme"
                                        }
                                    ]
                                }
                            ]
                        ]
                    ],
                    "alias": "EINForm"
                },
                {
                    "type": "toggleCard",
                    "contentMeta": [
                        {
                            "name": "toggle_card",
                            "text": "text",
                            "subText": "subText",
                            "img": "imgUrl",
                            "theme": "theme"
                        }
                    ]
                }
            ]
        },
        {
            "name": "footer",
            "items": [
                {
                    "type": "footerButton",
                    "contentMeta": [
                        {
                            "name": "footer_button",
                            "description": "text",
                            "theme": "theme",
                            "actions": [
                                {
                                    "type": "get_payroll_provider",
                                    "params": {
                                        "alias": "EINForm",
                                        "destination": "ProviderDetailsForm",
                                        "direction": "next",
                                        "screen": "import-ein"
                                    }
                                }
                            ]
                        }
                    ]
                }
            ]
        }
    ],
    "navigation": {
        "next": "add-w2/import-more-details",
        "skipimport": "add-w2/import-uploading",
        "prev": ""
    }
}
