{
    "appName": "add-w2",
    "screenName": "import-uploading",
    "type": "Interstitial",
    "items": [
        {
            "type": "default",
            "contentMeta": [
                {
                    "name": "page",
                    "duration": "duration",
                    "theme": "theme"
                }
            ]
        },
        {
            "type": "headerText",
            "contentMeta": [
                {
                    "name": "page",
                    "headerText": "text"
                }
            ]
        },
        {
            "type": "contentImage",
            "contentMeta": [
                {
                    "name": "page",
                    "contentImageUrl": "imgUrl"
                }
            ]
        },
        {
            "type": "footerImage",
            "contentMeta": [
                {
                    "name": "content",
                    "type": "Dynamic",
                    "footerIconUrl": "footerImgUrl",
                    "actions": [
                        {
                            "type": "import_payroll",
                            "params": {
                                "alias": "ProviderDetailsForm",
                                "destination": "W2Form",
                                "direction": "next",
                                "screen": "import-uploading"
                            }
                        }
                    ]
                }
            ]
        }
    ],
    "navigation": {
        "next": "add-w2/import-success",
        "prev": "add-w2/import-fail"
    }
}
