{
    "appName": "add-w2",
    "screenName": "w2-review",
    "type": "FormTask",
    "groups": [
        {
            "name": "default",
            "items": [
                {
                    "type": "default",
                    "contentMeta": [
                        {
                            "name": "page",
                            "theme": "theme"
                        }
                    ]
                }
            ]
        },
        {
            "name": "header",
            "items": [
                {
                    "type": "header",
                    "contentMeta": [
                        {
                            "name": "navbar_header",
                            "options": "options"
                        }
                    ]
                }
            ]
        },
        {
            "name": "content",
            "items": [
                {
                    "type": "contentHeader",
                    "contentMeta": [
                        {
                            "name": "content_header",
                            "text": "text"
                        }
                    ]
                },
                {
                    "type": "readOnlyForm",
                    "contentMeta": [
                        {
                            "name": "w2Review",
                            "groups": "options"
                        }
                    ],
                    "groups": [
                        {
                            "contentMeta": [
                                {
                                    "title": "text",
                                    "theme": "theme",
                                    "layouts": "options"
                                }
                            ]
                        },
                        {
                            "contentMeta": [
                                {
                                    "title": "text",
                                    "theme": "theme",
                                    "layouts": "options"
                                }
                            ]
                        },
                        {
                            "contentMeta": [
                                {
                                    "title": "text",
                                    "theme": "theme",
                                    "layouts": "options"
                                }
                            ]
                        }
                    ],
                    "layouts": [
                        [
                            {
                                "contentMeta": [
                                    {
                                        "size": "size",
                                        "items": "options"
                                    }
                                ]
                            }
                        ],
                        [
                            {
                                "contentMeta": [
                                    {
                                        "size": "size",
                                        "items": "options"
                                    }
                                ]
                            }
                        ],
                        [
                            {
                                "contentMeta": [
                                    {
                                        "size": "size",
                                        "items": "options"
                                    }
                                ]
                            }
                        ]
                    ],
                    "items": [
                        [
                            [
                                {
                                    "type": "Card",
                                    "contentMeta": [
                                        {
                                            "description": "text"
                                        }
                                    ],
                                    "alias": "EmployerEIN"
                                },
                                {
                                    "type": "Card",
                                    "contentMeta": [
                                        {
                                            "description": "text"
                                        }
                                    ],
                                    "alias": "EmployerNameBusinessNameLine1Txt"
                                },
                                {
                                    "type": "Card",
                                    "contentMeta": [
                                        {
                                            "description": "text"
                                        }
                                    ],
                                    "alias": "EmployerUSAddressCityNm"
                                },
                                {
                                    "type": "Card",
                                    "contentMeta": [
                                        {
                                            "description": "text"
                                        }
                                    ],
                                    "alias": "EmployerUSAddressStateAbbreviationCd"
                                },
                                {
                                    "type": "Card",
                                    "contentMeta": [
                                        {
                                            "description": "text"
                                        }
                                    ],
                                    "alias": "EmployerUSAddressZIPCd"
                                }
                            ]
                        ],
                        [
                            [
                                {
                                    "type": "Card",
                                    "contentMeta": [
                                        {
                                            "description": "text"
                                        }
                                    ],
                                    "alias": "EmployeeSSN"
                                },
                                {
                                    "type": "Card",
                                    "contentMeta": [
                                        {
                                            "description": "text"
                                        }
                                    ],
                                    "alias": "EmployeeNmPersonFirstNm"
                                },
                                {
                                    "type": "Card",
                                    "contentMeta": [
                                        {
                                            "description": "text"
                                        }
                                    ],
                                    "alias": "EmployeeUSAddressAddressLine1Txt"
                                },
                                {
                                    "type": "Card",
                                    "contentMeta": [
                                        {
                                            "description": "text"
                                        }
                                    ],
                                    "alias": "EmployeeUSAddressCityNm"
                                },
                                {
                                    "type": "Card",
                                    "contentMeta": [
                                        {
                                            "description": "text"
                                        }
                                    ],
                                    "alias": "EmployeeUSAddressStateAbbreviationCd"
                                },
                                {
                                    "type": "Card",
                                    "contentMeta": [
                                        {
                                            "description": "text"
                                        }
                                    ],
                                    "alias": "EmployeeUSAddressZIPCd"
                                }
                            ]
                        ],
                        [
                            [
                                {
                                    "type": "Card",
                                    "contentMeta": [
                                        {
                                            "description": "text"
                                        }
                                    ],
                                    "alias": "WagesAmt"
                                },
                                {
                                    "type": "Card",
                                    "contentMeta": [
                                        {
                                            "description": "text"
                                        }
                                    ],
                                    "alias": "WithholdingAmt"
                                },
                                {
                                    "type": "Card",
                                    "contentMeta": [
                                        {
                                            "description": "text"
                                        }
                                    ],
                                    "alias": "SocialSecurityWagesAmt"
                                },
                                {
                                    "type": "Card",
                                    "contentMeta": [
                                        {
                                            "description": "text"
                                        }
                                    ],
                                    "alias": "SocialSecurityTaxAmt"
                                },
                                {
                                    "type": "Card",
                                    "contentMeta": [
                                        {
                                            "description": "text"
                                        }
                                    ],
                                    "alias": "MedicareWagesAndTipsAmt"
                                },
                                {
                                    "type": "Card",
                                    "contentMeta": [
                                        {
                                            "description": "text"
                                        }
                                    ],
                                    "alias": "MedicareTaxWithheldAmt"
                                }
                            ]
                        ]
                    ],
                    "alias": "W2Form"
                }
            ]
        },
        {
            "name": "footer",
            "items": [
                {
                    "type": "footerButton",
                    "contentMeta": [
                        {
                            "name": "footer_button",
                            "description": "text",
                            "theme": "theme"
                        }
                    ]
                }
            ]
        }
    ],
    "navigation": {
        "next": "",
        "prev": ""
    }
}
