{
    "appName": "onboarding",
    "screenName": "quick_questions",
    "type": "QuickQuestions",
    "questions": [
        {
            "question": "Any additional income from odd jobs, gig work, etc.?",
            "options": [
                {
                    "label": "Yes",
                    "value": "Yes"
                },
                {
                    "label": "Nope",
                    "value": "Nope"
                }
            ],
            "label": "one"
        },
        {
            "question": "Did you buy or sell any digital currency (Bitcoin, Ripple, etc.)?",
            "label": "two",
            "options": [
                {
                    "label": "Yes",
                    "value": "Yes"
                },
                {
                    "label": "Nope",
                    "value": "Nope"
                }
            ]
        }, {
            "question": "Do you have any foreign bank accounts?",
            "label": "three",
            "options": [
                {
                    "label": "Yes",
                    "value": "Yes"
                },
                {
                    "label": "Nope",
                    "value": "Nope"
                }
            ]
        }
    ],
    "navigation": {
        "next": "",
        "prev": ""
    }
}