{
    "appName": "home",
    "screenName": "home",
    "type": "Home",
    "groups": [
        {
            "name": "headerMenu",
            "items": [
                {
                    "type": "progress",
                    "contentMeta": [
                        {
                            "name": "progress_circle"
                        }
                    ]
                },
                {
                    "type": "header",
                    "contentMeta": [
                        {
                            "name": "navbar_header",
                            "options": "options",
                            "actions": [
                                {
                                    "type": "home_selection",
                                    "params": {
                                        "screen": "home"
                                    }
                                }
                            ]
                        }
                    ]
                },
                {
                    "type": "refund",
                    "contentMeta": [
                        {
                            "name": "total_refund",
                            "text": "text",
                            "description": "description",
                            "theme": "theme"
                        }
                    ]
                },
                {
                    "type": "account",
                    "contentMeta": [
                        {
                            "name": "navbar_account",
                            "options": "options"
                        }
                    ]
                }
            ]
        },
        {
            "name": "default",
            "size": "3to2",
            "items": [
                {
                    "type": "primaryCard",
                    "contentMeta": [
                        {
                            "name": "primary_card",
                            "type": "Dynamic",
                            "text": "text",
                            "imgUrl": "imgUrl",
                            "theme": "theme",
                            "state": "state",
                            "actions": [
                                {
                                    "type": "home_selection",
                                    "params": {
                                        "screen": "home"
                                    }
                                }
                            ]
                        }
                    ]
                },
                {
                    "type": "secondaryCard",
                    "contentMeta": [
                        {
                            "name": "secondary_card",
                            "type": "Dynamic",
                            "options": "options",
                            "actions": [
                                {
                                    "type": "home_selection",
                                    "params": {
                                        "screen": "home"
                                    }
                                }
                            ]
                        }
                    ]
                }
            ]
        }
    ],
    "navigation": {
        "next": {
            "add-w2": "add-w2/add-w2"
        },
        "prev": "",
        "overlay": "add_w2"
    }
}
