{
    "appName": "file_return",
    "screenName": "file_completed",
    "type": "Interstitial",
    "items": [
        {
            "type": "contentImage",
            "contentMeta": [
                {
                    "name": "page",
                    "contentImageUrl": "imgUrl"
                }
            ]
        },
        {
            "type": "footerImage",
            "contentMeta": [
                {
                    "name": "content",
                    "type": "Dynamic",
                    "footerIconUrl": "footerImgUrl",
                    "actions": [
                        {
                            "type": "navigate",
                            "params": {
                                "direction": "next"
                            }
                        }
                    ]
                }
            ]
        }
    ],
    "navigation": {
        "next": "home/home",
        "prev": ""
    }
}