{
    "appName": "overlay",
    "screenName": "add_w2",
    "type": "Overlay",
    "items": [
        {
            "type": "headerText",
            "contentMeta": [
                {
                    "name": "header",
                    "headerText": "text"
                }
            ]
        },
        {
            "type": "button",
            "contentMeta": [
                {
                    "name": "import",
                    "description": "text",
                    "icon": "icon",
                    "theme": "theme",
                    "actions": [
                        {
                            "type": "navigate",
                            "params": {
                                "direction": "next",
                                "screen": "add_w2"
                            }
                        }
                    ]
                }
            ],
            "fieldName": "import"
        },
        {
            "type": "button",
            "contentMeta": [
                {
                    "name": "attach",
                    "description": "text",
                    "icon": "icon",
                    "theme": "theme",
                    "actions": [
                        {
                            "type": "navigate",
                            "params": {
                                "direction": "next",
                                "screen": "add_w2"
                            }
                        }
                    ]
                }
            ],
            "fieldName": "attach"
        },
        {
            "type": "button",
            "contentMeta": [
                {
                    "name": "pic",
                    "description": "text",
                    "icon": "icon",
                    "theme": "theme",
                    "actions": [
                        {
                            "type": "navigate",
                            "params": {
                                "direction": "next",
                                "screen": "add_w2"
                            }
                        }
                    ]
                }
            ],
            "fieldName": "pic"
        },
        {
            "type": "button",
            "contentMeta": [
                {
                    "name": "manual",
                    "description": "text",
                    "icon": "icon",
                    "theme": "theme",
                    "actions": [
                        {
                            "type": "navigate",
                            "params": {
                                "direction": "next",
                                "screen": "add_w2"
                            }
                        }
                    ]
                }
            ],
            "fieldName": "manual"
        }
    ],
    "navigation": {
        "next": "add-w2/import-ein",
        "prev": ""
    }
}
