{
    "screenFields": {
        "showImportLink": false,
        "showBoxes711": false,
        "showBoxes1214": false,
        "collapseBoxes711": false,
        "collapseBoxes1214": false
    },
    "sections": [
        {
            "name": "Employer",
            "groups": [
                {
                    "title": "Boxes b-d",
                    "layouts": [
                        {
                            "size": "1col",
                            "items": [
                                {
                                    "type": "Input",
                                    "description": "b. Employer's Identification Number",
                                    "alias": "EmployerEIN"
                                },
                                {
                                    "type": "Alert",
                                    "visible": "!showImportLink",
                                    "description": "We can import your W-2 automatically! Want to try?",
                                    "buttonText": "Import from payroll provider",
                                    "theme": "light-green",
                                    "buttonTheme": "secondary",
                                    "closeActions": [
                                        {
                                            "type": "method",
                                            "name": "setVisibility",
                                            "params": {
                                                "name": "showImportLink",
                                                "value": true
                                            }
                                        }
                                    ],
                                    "actions": [
                                        {
                                            "type": "method",
                                            "name": "importPayroll"
                                        }
                                    ]
                                },
                                {
                                    "type": "Link",
                                    "visible": "showImportLink",
                                    "description": "Import W2 from payroll provider",
                                    "actions": [
                                        {
                                            "type": "method",
                                            "name": "importPayroll"
                                        }
                                    ]
                                },
                                {
                                    "type": "Input",
                                    "description": "c. Employer's name",
                                    "alias": "EmployerNameBusinessNameLine1Txt"
                                },
                                {
                                    "type": "Input",
                                    "description": "Employer's address",
                                    "alias": "EmployerUSAddressAddressLine1Txt"
                                },
                                {
                                    "type": "Input",
                                    "description": "ZIP",
                                    "alias": "EmployerUSAddressZIPCd"
                                },
                                {
                                    "type": "Input",
                                    "description": "City",
                                    "alias": "EmployerUSAddressCityNm"
                                },
                                {
                                    "type": "Dropdown",
                                    "description": "State",
                                    "options": [
                                        {
                                            "display": "",
                                            "value": null
                                        },
                                        {
                                            "display": "AL",
                                            "value": "AL"
                                        },
                                        {
                                            "display": "AK",
                                            "value": "AK"
                                        },
                                        {
                                            "display": "AZ",
                                            "value": "AZ"
                                        },
                                        {
                                            "display": "AR",
                                            "value": "AR"
                                        },
                                        {
                                            "display": "CA",
                                            "value": "CA"
                                        },
                                        {
                                            "display": "CO",
                                            "value": "CO"
                                        },
                                        {
                                            "display": "CT",
                                            "value": "CT"
                                        },
                                        {
                                            "display": "DE",
                                            "value": "DE"
                                        },
                                        {
                                            "display": "DC",
                                            "value": "DC"
                                        },
                                        {
                                            "display": "FL",
                                            "value": "FL"
                                        },
                                        {
                                            "display": "GA",
                                            "value": "GA"
                                        },
                                        {
                                            "display": "HI",
                                            "value": "HI"
                                        },
                                        {
                                            "display": "ID",
                                            "value": "ID"
                                        },
                                        {
                                            "display": "IL",
                                            "value": "IL"
                                        },
                                        {
                                            "display": "IN",
                                            "value": "IN"
                                        },
                                        {
                                            "display": "IA",
                                            "value": "IA"
                                        },
                                        {
                                            "display": "KS",
                                            "value": "KS"
                                        },
                                        {
                                            "display": "KY",
                                            "value": "KY"
                                        },
                                        {
                                            "display": "LA",
                                            "value": "LA"
                                        },
                                        {
                                            "display": "ME",
                                            "value": "ME"
                                        },
                                        {
                                            "display": "MD",
                                            "value": "MD"
                                        },
                                        {
                                            "display": "MA",
                                            "value": "MA"
                                        },
                                        {
                                            "display": "MI",
                                            "value": "MI"
                                        },
                                        {
                                            "display": "MN",
                                            "value": "MN"
                                        },
                                        {
                                            "display": "MS",
                                            "value": "MS"
                                        },
                                        {
                                            "display": "MO",
                                            "value": "MO"
                                        },
                                        {
                                            "display": "MT",
                                            "value": "MT"
                                        },
                                        {
                                            "display": "NE",
                                            "value": "NE"
                                        },
                                        {
                                            "display": "NV",
                                            "value": "NV"
                                        },
                                        {
                                            "display": "NH",
                                            "value": "NH"
                                        },
                                        {
                                            "display": "NJ",
                                            "value": "NJ"
                                        },
                                        {
                                            "display": "NM",
                                            "value": "NM"
                                        },
                                        {
                                            "display": "NY",
                                            "value": "NY"
                                        },
                                        {
                                            "display": "NC",
                                            "value": "NC"
                                        },
                                        {
                                            "display": "ND",
                                            "value": "ND"
                                        },
                                        {
                                            "display": "OH",
                                            "value": "OH"
                                        },
                                        {
                                            "display": "OK",
                                            "value": "OK"
                                        },
                                        {
                                            "display": "OR",
                                            "value": "OR"
                                        },
                                        {
                                            "display": "PA",
                                            "value": "PA"
                                        },
                                        {
                                            "display": "RI",
                                            "value": "RI"
                                        },
                                        {
                                            "display": "SC",
                                            "value": "SC"
                                        },
                                        {
                                            "display": "SD",
                                            "value": "SD"
                                        },
                                        {
                                            "display": "TN",
                                            "value": "TN"
                                        },
                                        {
                                            "display": "TX",
                                            "value": "TX"
                                        },
                                        {
                                            "display": "UT",
                                            "value": "UT"
                                        },
                                        {
                                            "display": "VT",
                                            "value": "VT"
                                        },
                                        {
                                            "display": "VA",
                                            "value": "VA"
                                        },
                                        {
                                            "display": "WA",
                                            "value": "WA"
                                        },
                                        {
                                            "display": "WV",
                                            "value": "WV"
                                        },
                                        {
                                            "display": "WI",
                                            "value": "WI"
                                        },
                                        {
                                            "display": "WY",
                                            "value": "WY"
                                        },
                                        {
                                            "display": "MP",
                                            "value": "MP"
                                        },
                                        {
                                            "display": "FM",
                                            "value": "FM"
                                        },
                                        {
                                            "display": "GU",
                                            "value": "GU"
                                        },
                                        {
                                            "display": "MH",
                                            "value": "MH"
                                        },
                                        {
                                            "display": "PW",
                                            "value": "PW"
                                        },
                                        {
                                            "display": "PR",
                                            "value": "PR"
                                        },
                                        {
                                            "display": "VI",
                                            "value": "VI"
                                        },
                                        {
                                            "display": "AA",
                                            "value": "AA"
                                        },
                                        {
                                            "display": "AE",
                                            "value": "AE"
                                        },
                                        {
                                            "display": "AP",
                                            "value": "AP"
                                        },
                                        {
                                            "display": "AS",
                                            "value": "AS"
                                        }
                                    ],
                                    "alias": "EmployerUSAddressStateAbbreviationCd"
                                }
                            ]
                        }
                    ]
                }
            ]
        },
        {
            "name": "Employee",
            "groups": [
                {
                    "title": "Boxes a, e and f",
                    "layouts": [
                        {
                            "size": "1col",
                            "items": [
                                {
                                    "type": "Input",
                                    "description": "a. Employee's SSN",
                                    "alias": "EmployeeSSN"
                                },
                                {
                                    "type": "Input",
                                    "description": "e. Employee's first name",
                                    "alias": "EmployeeNmPersonFirstNm"
                                },
                                {
                                    "type": "Input",
                                    "description": "Employee's last name",
                                    "alias": "EmployeeNmPersonLastNm"
                                },
                                {
                                    "type": "Input",
                                    "description": "f. Employee's address",
                                    "alias": "EmployeeUSAddressAddressLine1Txt"
                                },
                                {
                                    "type": "Input",
                                    "description": "Zip",
                                    "alias": "EmployeeUSAddressZIPCd"
                                },
                                {
                                    "type": "Input",
                                    "description": "City",
                                    "alias": "EmployeeUSAddressCityNm"
                                },
                                {
                                    "type": "Dropdown",
                                    "description": "State",
                                    "options": [
                                        {
                                            "display": "",
                                            "value": null
                                        },
                                        {
                                            "display": "AL",
                                            "value": "AL"
                                        },
                                        {
                                            "display": "AK",
                                            "value": "AK"
                                        },
                                        {
                                            "display": "AZ",
                                            "value": "AZ"
                                        },
                                        {
                                            "display": "AR",
                                            "value": "AR"
                                        },
                                        {
                                            "display": "CA",
                                            "value": "CA"
                                        },
                                        {
                                            "display": "CO",
                                            "value": "CO"
                                        },
                                        {
                                            "display": "CT",
                                            "value": "CT"
                                        },
                                        {
                                            "display": "DE",
                                            "value": "DE"
                                        },
                                        {
                                            "display": "DC",
                                            "value": "DC"
                                        },
                                        {
                                            "display": "FL",
                                            "value": "FL"
                                        },
                                        {
                                            "display": "GA",
                                            "value": "GA"
                                        },
                                        {
                                            "display": "HI",
                                            "value": "HI"
                                        },
                                        {
                                            "display": "ID",
                                            "value": "ID"
                                        },
                                        {
                                            "display": "IL",
                                            "value": "IL"
                                        },
                                        {
                                            "display": "IN",
                                            "value": "IN"
                                        },
                                        {
                                            "display": "IA",
                                            "value": "IA"
                                        },
                                        {
                                            "display": "KS",
                                            "value": "KS"
                                        },
                                        {
                                            "display": "KY",
                                            "value": "KY"
                                        },
                                        {
                                            "display": "LA",
                                            "value": "LA"
                                        },
                                        {
                                            "display": "ME",
                                            "value": "ME"
                                        },
                                        {
                                            "display": "MD",
                                            "value": "MD"
                                        },
                                        {
                                            "display": "MA",
                                            "value": "MA"
                                        },
                                        {
                                            "display": "MI",
                                            "value": "MI"
                                        },
                                        {
                                            "display": "MN",
                                            "value": "MN"
                                        },
                                        {
                                            "display": "MS",
                                            "value": "MS"
                                        },
                                        {
                                            "display": "MO",
                                            "value": "MO"
                                        },
                                        {
                                            "display": "MT",
                                            "value": "MT"
                                        },
                                        {
                                            "display": "NE",
                                            "value": "NE"
                                        },
                                        {
                                            "display": "NV",
                                            "value": "NV"
                                        },
                                        {
                                            "display": "NH",
                                            "value": "NH"
                                        },
                                        {
                                            "display": "NJ",
                                            "value": "NJ"
                                        },
                                        {
                                            "display": "NM",
                                            "value": "NM"
                                        },
                                        {
                                            "display": "NY",
                                            "value": "NY"
                                        },
                                        {
                                            "display": "NC",
                                            "value": "NC"
                                        },
                                        {
                                            "display": "ND",
                                            "value": "ND"
                                        },
                                        {
                                            "display": "OH",
                                            "value": "OH"
                                        },
                                        {
                                            "display": "OK",
                                            "value": "OK"
                                        },
                                        {
                                            "display": "OR",
                                            "value": "OR"
                                        },
                                        {
                                            "display": "PA",
                                            "value": "PA"
                                        },
                                        {
                                            "display": "RI",
                                            "value": "RI"
                                        },
                                        {
                                            "display": "SC",
                                            "value": "SC"
                                        },
                                        {
                                            "display": "SD",
                                            "value": "SD"
                                        },
                                        {
                                            "display": "TN",
                                            "value": "TN"
                                        },
                                        {
                                            "display": "TX",
                                            "value": "TX"
                                        },
                                        {
                                            "display": "UT",
                                            "value": "UT"
                                        },
                                        {
                                            "display": "VT",
                                            "value": "VT"
                                        },
                                        {
                                            "display": "VA",
                                            "value": "VA"
                                        },
                                        {
                                            "display": "WA",
                                            "value": "WA"
                                        },
                                        {
                                            "display": "WV",
                                            "value": "WV"
                                        },
                                        {
                                            "display": "WI",
                                            "value": "WI"
                                        },
                                        {
                                            "display": "WY",
                                            "value": "WY"
                                        },
                                        {
                                            "display": "MP",
                                            "value": "MP"
                                        },
                                        {
                                            "display": "FM",
                                            "value": "FM"
                                        },
                                        {
                                            "display": "GU",
                                            "value": "GU"
                                        },
                                        {
                                            "display": "MH",
                                            "value": "MH"
                                        },
                                        {
                                            "display": "PW",
                                            "value": "PW"
                                        },
                                        {
                                            "display": "PR",
                                            "value": "PR"
                                        },
                                        {
                                            "display": "VI",
                                            "value": "VI"
                                        },
                                        {
                                            "display": "AA",
                                            "value": "AA"
                                        },
                                        {
                                            "display": "AE",
                                            "value": "AE"
                                        },
                                        {
                                            "display": "AP",
                                            "value": "AP"
                                        },
                                        {
                                            "display": "AS",
                                            "value": "AS"
                                        }
                                    ],
                                    "alias": "EmployeeUSAddressStateAbbreviationCd"
                                }
                            ]
                        }
                    ]
                }
            ]
        },
        {
            "name": "Fed_Income_Tax",
            "groups": [
                {
                    "title": "Boxes 1 - 6",
                    "layouts": [
                        {
                            "size": "1col",
                            "items": [
                                {
                                    "type": "Input",
                                    "description": "1. Wages, tips, other comp.",
                                    "alias": "WagesAmt"
                                },
                                {
                                    "type": "Input",
                                    "description": "2. Federal income tax withheld",
                                    "alias": "WithholdingAmt"
                                },
                                {
                                    "type": "Input",
                                    "description": "3. Social security wages",
                                    "alias": "SocialSecurityWagesAmt"
                                },
                                {
                                    "type": "Input",
                                    "description": "4. Social security tax withheld",
                                    "alias": "SocialSecurityTaxAmt"
                                },
                                {
                                    "type": "Input",
                                    "description": "5. Medicare wages and tips",
                                    "alias": "MedicareWagesAndTipsAmt"
                                },
                                {
                                    "type": "Input",
                                    "description": "6. Medicate tax withheld",
                                    "alias": "MedicareTaxWithheldAmt"
                                },
                                {
                                    "type": "Alert",
                                    "visible": "!showBoxes711",
                                    "description": "Do you have content on boxes 7-11?",
                                    "buttonText": "Show boxes 7-11",
                                    "closeActions": [],
                                    "theme": "light-green",
                                    "buttonTheme": "secondary",
                                    "actions": [
                                        {
                                            "type": "method",
                                            "name": "setVisibility",
                                            "params": {
                                                "name": "showBoxes711",
                                                "value": true
                                            }
                                        }
                                    ]
                                }
                            ]
                        }
                    ]
                },
                {
                    "title": "",
                    "visible": "showBoxes711",
                    "layouts": [
                        {
                            "size": "1col",
                            "visible": "!collapseBoxes711",
                            "items": [
                                {
                                    "type": "Input",
                                    "description": "7. Social security tips",
                                    "alias": "SocialSecurityTipsAmt"
                                },
                                {
                                    "type": "Input",
                                    "description": "8. Allocated tips",
                                    "alias": "AllocatedTipsAmt"
                                },
                                {
                                    "type": "Input",
                                    "description": "10. Dependent care benefits",
                                    "alias": "DependentCareBenefitsAmt"
                                },
                                {
                                    "type": "Input",
                                    "description": "11. Non qualified plans",
                                    "alias": "NonqualifiedPlansAmt"
                                },
                                {
                                    "type": "Toggle",
                                    "description": "Hide boxes 7 - 11",
                                    "state": "Expanded",
                                    "actions": [
                                        {
                                            "type": "method",
                                            "name": "setVisibility",
                                            "params": {
                                                "name": "collapseBoxes711",
                                                "value": true
                                            }
                                        }
                                    ]
                                }
                            ]
                        },
                        {
                            "size": "1col",
                            "visible": "collapseBoxes711",
                            "items": [
                                {
                                    "type": "Toggle",
                                    "description": "Show boxes 7 - 11",
                                    "state": "Collapsed",
                                    "actions": [
                                        {
                                            "type": "method",
                                            "name": "setVisibility",
                                            "params": {
                                                "name": "collapseBoxes711",
                                                "value": false
                                            }
                                        }
                                    ]
                                }
                            ]
                        }
                    ]
                },
                {
                    "title": "",
                    "visible": "!showBoxes1214",
                    "layouts": [
                        {
                            "size": "1col",
                            "items": [
                                {
                                    "type": "Alert",
                                    "description": "Do you have amounts listed in boxes 12 - 14?",
                                    "buttonText": "Show boxes 12-14",
                                    "closeActions": [],
                                    "theme": "light-green",
                                    "buttonTheme": "secondary",
                                    "actions": [
                                        {
                                            "type": "method",
                                            "name": "setVisibility",
                                            "params": {
                                                "name": "showBoxes1214",
                                                "value": true
                                            }
                                        }
                                    ]
                                }
                            ]
                        }
                    ]
                },
                {
                    "title": "Boxes 12a-12d",
                    "visible": "showBoxes1214 && !collapseBoxes1214",
                    "layouts": [
                        {
                            "size": "1col",
                            "items": [
                                {
                                    "type": "Grid",
                                    "description": "AO_W2BOX12",
                                    "form": "AO_TXW2",
                                    "layouts": [
                                        {
                                            "size": "1col",
                                            "items": [
                                                {
                                                    "type": "Label",
                                                    "description": "Choose your code(s). If there are no codes shown, leave this section blank."
                                                },
                                                {
                                                    "type": "Dropdown",
                                                    "description": "Choose code",
                                                    "options": [
                                                        {
                                                            "display": "A  - Uncollected SS or RRTA tax",
                                                            "value": "A"
                                                        },
                                                        {
                                                            "display": "AA - Designated Roth contributions-401(k) plan",
                                                            "value": "AA"
                                                        },
                                                        {
                                                            "display": "B  - Uncollected Medicare tax on tips",
                                                            "value": "B"
                                                        },
                                                        {
                                                            "display": "BB - Designated Roth contributions-403(b) plan",
                                                            "value": "BB"
                                                        },
                                                        {
                                                            "display": "C - Taxable group-term life insurance",
                                                            "value": "C"
                                                        },
                                                        {
                                                            "display": "D  - 401(k) deferral",
                                                            "value": "D"
                                                        },
                                                        {
                                                            "display": "DD  - Employer sponsored health care coverage",
                                                            "value": "DD"
                                                        },
                                                        {
                                                            "display": "E  - 403(b) deferral",
                                                            "value": "E"
                                                        },
                                                        {
                                                            "display": "E  - 403(b) deferral - Meets 15 year service rule",
                                                            "value": "E"
                                                        },
                                                        {
                                                            "display": "EE - Roth contributions-457(b) plan",
                                                            "value": "EE"
                                                        },
                                                        {
                                                            "display": "F  - 408(k)(6) deferral",
                                                            "value": "F"
                                                        },
                                                        {
                                                            "display": "FF - QSEHRA",
                                                            "value": "FF"
                                                        },
                                                        {
                                                            "display": "G  - 457(b) deferral and contribution",
                                                            "value": "G"
                                                        },
                                                        {
                                                            "display": "G  - 457(b) deferral - Meets 3 years to retirement rule",
                                                            "value": "G"
                                                        },
                                                        {
                                                            "display": "GG - 83(I) qualified equity grants",
                                                            "value": "GG"
                                                        },
                                                        {
                                                            "display": "H  - 501(c)(18)(D) deferral",
                                                            "value": "H"
                                                        },
                                                        {
                                                            "display": "HH - 83(I) aggregate deferrals",
                                                            "value": "HH"
                                                        },
                                                        {
                                                            "display": "J  - Nontaxable sick pay",
                                                            "value": "J"
                                                        },
                                                        {
                                                            "display": "K  - 20% tax on golden parachute pmts",
                                                            "value": "K"
                                                        },
                                                        {
                                                            "display": "L  - Substantiated employee business exp",
                                                            "value": "L"
                                                        },
                                                        {
                                                            "display": "M  - Uncollected SS or RRTA tax on life insur",
                                                            "value": "M"
                                                        },
                                                        {
                                                            "display": "N  - Uncollected Medicare tax on life insur",
                                                            "value": "N"
                                                        },
                                                        {
                                                            "display": "P  - Excludable moving expense reimb",
                                                            "value": "P"
                                                        },
                                                        {
                                                            "display": "Q  - Nontaxable combat pay",
                                                            "value": "Q"
                                                        },
                                                        {
                                                            "display": "R  - Employer contribution to MSA",
                                                            "value": "R"
                                                        },
                                                        {
                                                            "display": "S  - Employee 408(p) contributions",
                                                            "value": "S"
                                                        },
                                                        {
                                                            "display": "T  - Adoption benefit",
                                                            "value": "T"
                                                        },
                                                        {
                                                            "display": "V  - Nonstatutory stock option",
                                                            "value": "V"
                                                        },
                                                        {
                                                            "display": "W  - Health savings account contributions",
                                                            "value": "W"
                                                        },
                                                        {
                                                            "display": "Y  - 409A deferral",
                                                            "value": "Y"
                                                        },
                                                        {
                                                            "display": "Z  - Income under 409A plan",
                                                            "value": "Z"
                                                        }
                                                    ],
                                                    "alias": "EmployersUseCd"
                                                },
                                                {
                                                    "type": "Input",
                                                    "description": "Amount",
                                                    "alias": "EmployersUseAmt"
                                                }
                                            ]
                                        }
                                    ]
                                },
                                {
                                    "type": "Button",
                                    "description": "Add another code",
                                    "icon": "add",
                                    "theme": "secondary",
                                    "actions": [
                                        {
                                            "type": "method",
                                            "name": "addRow",
                                            "params": {
                                                "description": "AO_W2BOX12"
                                            }
                                        }
                                    ]
                                }
                            ]
                        }
                    ]
                },
                {
                    "title": "Boxes 13",
                    "visible": "showBoxes1214 && !collapseBoxes1214",
                    "layouts": [
                        {
                            "size": "1col",
                            "items": [
                                {
                                    "type": "Checkbox",
                                    "description": "Statutory Employee",
                                    "alias": "StatutoryGuid"
                                },
                                {
                                    "type": "Checkbox",
                                    "description": "Retirement Plan",
                                    "alias": "RetirementPlanInd"
                                },
                                {
                                    "type": "Checkbox",
                                    "description": "Third-party sick pay",
                                    "alias": "ThirdPartySickPayInd"
                                }
                            ]
                        }
                    ]
                },
                {
                    "title": "Boxes 14",
                    "visible": "showBoxes1214 && !collapseBoxes1214",
                    "layouts": [
                        {
                            "size": "1col",
                            "items": [
                                {
                                    "type": "Grid",
                                    "description": "AO_W2BOX14",
                                    "form": "AO_TXW2",
                                    "layouts": [
                                        {
                                            "size": "1col",
                                            "items": [
                                                {
                                                    "type": "Label",
                                                    "description": "Choose your code(s). If there are no codes shown, leave this section blank."
                                                },
                                                {
                                                    "type": "Dropdown",
                                                    "description": "Choose code",
                                                    "options": [
                                                        {
                                                            "display": "ADDITIONAL MEDICARE TAX",
                                                            "value": "ADDITIONAL MEDICARE TAX"
                                                        },
                                                        {
                                                            "display": "BAQ/BAS",
                                                            "value": "BAQ/BAS"
                                                        },
                                                        {
                                                            "display": "CAFE",
                                                            "value": "CAFE"
                                                        },
                                                        {
                                                            "display": "CASDI",
                                                            "value": "CASDI"
                                                        },
                                                        {
                                                            "display": "DI",
                                                            "value": "DI"
                                                        },
                                                        {
                                                            "display": "DINS",
                                                            "value": "DINS"
                                                        },
                                                        {
                                                            "display": "FLI",
                                                            "value": "FLI"
                                                        },
                                                        {
                                                            "display": "IRC125",
                                                            "value": "IRC125"
                                                        },
                                                        {
                                                            "display": "IRC125N",
                                                            "value": "IRC125N"
                                                        },
                                                        {
                                                            "display": "IRC125S",
                                                            "value": "IRC125S"
                                                        },
                                                        {
                                                            "display": "K-Military nontaxable dental benefits",
                                                            "value": "KMilitaryNontaxableBenefits"
                                                        },
                                                        {
                                                            "display": "KPERS",
                                                            "value": "KPERS"
                                                        },
                                                        {
                                                            "display": "MEDICARE TAX",
                                                            "value": "MEDICARE TAX"
                                                        },
                                                        {
                                                            "display": "MEPERS",
                                                            "value": "MEPERS"
                                                        },
                                                        {
                                                            "display": "MSRS",
                                                            "value": "MSRS"
                                                        },
                                                        {
                                                            "display": "NYSDI",
                                                            "value": "NYSDI"
                                                        },
                                                        {
                                                            "display": "OTHER",
                                                            "value": "OTHER"
                                                        },
                                                        {
                                                            "display": "PAUC",
                                                            "value": "PAUC"
                                                        },
                                                        {
                                                            "display": "PFML",
                                                            "value": "PFML"
                                                        },
                                                        {
                                                            "display": "RISDI",
                                                            "value": "RISDI"
                                                        },
                                                        {
                                                            "display": "RRTACOMP MEDWAGE",
                                                            "value": "RRTACOMP MEDWAGE"
                                                        },
                                                        {
                                                            "display": "RRT1 TAX",
                                                            "value": "RRT1 TAX"
                                                        },
                                                        {
                                                            "display": "RRT1 WAGE",
                                                            "value": "RRT1 WAGE"
                                                        },
                                                        {
                                                            "display": "RRT2 TAX",
                                                            "value": "RRT2 TAX"
                                                        },
                                                        {
                                                            "display": "RRT2 WAGE",
                                                            "value": "RRT2 WAGE"
                                                        },
                                                        {
                                                            "display": "RRTAMEDICARE TAX",
                                                            "value": "RRTAMEDICARE TAX"
                                                        },
                                                        {
                                                            "display": "RRADDMED TAX",
                                                            "value": "RRADDMED TAX"
                                                        },
                                                        {
                                                            "display": "RRTATIPS",
                                                            "value": "RRTATIPS"
                                                        },
                                                        {
                                                            "display": "SEC125",
                                                            "value": "SEC125"
                                                        },
                                                        {
                                                            "display": "SNY",
                                                            "value": "SNY"
                                                        },
                                                        {
                                                            "display": "STPICKUP",
                                                            "value": "STPICKUP"
                                                        },
                                                        {
                                                            "display": "SW",
                                                            "value": "SW"
                                                        },
                                                        {
                                                            "display": "SWF",
                                                            "value": "SWF"
                                                        },
                                                        {
                                                            "display": "UI",
                                                            "value": "UI"
                                                        },
                                                        {
                                                            "display": "UNCOLLECTED TIER 2 TAX ON TIPS",
                                                            "value": "UNCOLLECTED TIER 2 TAX ON TIPS"
                                                        },
                                                        {
                                                            "display": "VI",
                                                            "value": "VI"
                                                        },
                                                        {
                                                            "display": "WDHC",
                                                            "value": "WDHC"
                                                        },
                                                        {
                                                            "display": "WF",
                                                            "value": "WF"
                                                        },
                                                        {
                                                            "display": "1127",
                                                            "value": "1127"
                                                        },
                                                        {
                                                            "display": "414H",
                                                            "value": "414H"
                                                        },
                                                        {
                                                            "display": "414HNOT",
                                                            "value": "414HNOT"
                                                        },
                                                        {
                                                            "display": "414HSUB ",
                                                            "value": "414HSUB"
                                                        },
                                                        {
                                                            "display": "612B",
                                                            "value": "612B"
                                                        },
                                                        {
                                                            "display": "ORSTT",
                                                            "value": "ORSTT"
                                                        },
                                                        {
                                                            "display": "Qual Sick Leave wages($511 limit)",
                                                            "value": "Qual Sick Leave wages($511 limit)"
                                                        },
                                                        {
                                                            "display": "Qual Sick Leave wages($200 limit)",
                                                            "value": "Qual Sick Leave wages($200 limit)"
                                                        },
                                                        {
                                                            "display": "Emergency Family Leave Wages",
                                                            "value": "Emergency Family Leave Wages"
                                                        }
                                                    ],
                                                    "alias": "Desc"
                                                },
                                                {
                                                    "type": "Input",
                                                    "description": "Amount",
                                                    "alias": "Amt"
                                                }
                                            ]
                                        }
                                    ]
                                },
                                {
                                    "type": "Button",
                                    "description": "Add another code",
                                    "icon": "add",
                                    "theme": "secondary",
                                    "actions": [
                                        {
                                            "type": "method",
                                            "name": "addRow",
                                            "params": {
                                                "description": "AO_W2BOX14"
                                            }
                                        }
                                    ]
                                }
                            ]
                        }
                    ]
                },
                {
                    "title": "",
                    "visible": "showBoxes1214",
                    "layouts": [
                        {
                            "size": "1col",
                            "items": [
                                {
                                    "type": "Toggle",
                                    "description": "Hide boxes 12 - 14",
                                    "visible": "!collapseBoxes1214",
                                    "state": "Expanded",
                                    "actions": [
                                        {
                                            "type": "method",
                                            "name": "setVisibility",
                                            "params": {
                                                "name": "collapseBoxes1214",
                                                "value": true
                                            }
                                        }
                                    ]
                                }
                            ]
                        },
                        {
                            "size": "1col",
                            "items": [
                                {
                                    "type": "Toggle",
                                    "description": "Show boxes 12 - 14",
                                    "visible": "collapseBoxes1214",
                                    "state": "Collapsed",
                                    "actions": [
                                        {
                                            "type": "method",
                                            "name": "setVisibility",
                                            "params": {
                                                "name": "collapseBoxes1214",
                                                "value": false
                                            }
                                        }
                                    ]
                                }
                            ]
                        }
                    ]
                }
            ]
        },
        {
            "name": "States_Local_Tax",
            "groups": [
                {
                    "title": "Boxes 15 - 20",
                    "layouts": [
                        {
                            "size": "1col",
                            "items": [
                                {
                                    "type": "Grid",
                                    "description": "AO_TXW2",
                                    "form": "AO_TXW2",
                                    "layouts": [
                                        {
                                            "size": "1col",
                                            "items": [
                                                {
                                                    "type": "Input",
                                                    "description": "15. Employer's state ID number",
                                                    "alias": "EmployerStateIdNum"
                                                },
                                                {
                                                    "type": "Input",
                                                    "description": "16. State wages, tips etc.",
                                                    "alias": "StateWagesAmt"
                                                },
                                                {
                                                    "type": "Input",
                                                    "description": "17. State income tax",
                                                    "alias": "StateIncomeTaxAmt"
                                                },
                                                {
                                                    "type": "Input",
                                                    "description": "18. Local wages, tips etc.",
                                                    "alias": "LocalWagesAndTipsAmt"
                                                },
                                                {
                                                    "type": "Input",
                                                    "description": "19. Local income tax",
                                                    "alias": "LocalIncomeTaxAmt"
                                                },
                                                {
                                                    "type": "Input",
                                                    "description": "20. Locality name",
                                                    "alias": "LocalityNm"
                                                }
                                            ]
                                        }
                                    ]
                                },
                                {
                                    "type": "Button",
                                    "description": "Add another state",
                                    "icon": "add",
                                    "theme": "secondary",
                                    "actions": [
                                        {
                                            "type": "method",
                                            "name": "addRow",
                                            "params": {
                                                "description": "AO_TXW2"
                                            }
                                        }
                                    ]
                                }
                            ]
                        }
                    ]
                }
            ]
        }
    ]
}
