{
    "app": "popup",
    "screens": [
        {
            "name": "update_address",
            "elements": [
                {
                    "name": "page",
                    "states": [
                        {
                            "theme": "white"
                        }
                    ]
                },
                {
                    "name": "header",
                    "states": [
                        {
                            "text": "Update your mailing address"
                        }
                    ]
                },
                {
                    "name": "infoCard",
                    "states": [
                        {
                            "text": "Your old address"
                        }
                    ]
                },
                {
                    "name": "addressForm",
                    "states": [
                        {
                            "options": [
                                {
                                    "text": "Your new address",
                                    "options": [
                                        {
                                            "size": "1col",
                                            "options": [
                                                {
                                                    "text": "Address"
                                                },
                                                {
                                                    "text": "ZIP"
                                                },
                                                {
                                                    "text": "City"
                                                },
                                                {
                                                    "text": "State",
                                                    "options": [
                                                        {
                                                            "display": "",
                                                            "value": null
                                                        },
                                                        {
                                                            "display": "AL",
                                                            "value": "AL"
                                                        },
                                                        {
                                                            "display": "AK",
                                                            "value": "AK"
                                                        },
                                                        {
                                                            "display": "AZ",
                                                            "value": "AZ"
                                                        },
                                                        {
                                                            "display": "AR",
                                                            "value": "AR"
                                                        },
                                                        {
                                                            "display": "CA",
                                                            "value": "CA"
                                                        },
                                                        {
                                                            "display": "CO",
                                                            "value": "CO"
                                                        },
                                                        {
                                                            "display": "CT",
                                                            "value": "CT"
                                                        },
                                                        {
                                                            "display": "DE",
                                                            "value": "DE"
                                                        },
                                                        {
                                                            "display": "DC",
                                                            "value": "DC"
                                                        },
                                                        {
                                                            "display": "FL",
                                                            "value": "FL"
                                                        },
                                                        {
                                                            "display": "GA",
                                                            "value": "GA"
                                                        },
                                                        {
                                                            "display": "HI",
                                                            "value": "HI"
                                                        },
                                                        {
                                                            "display": "ID",
                                                            "value": "ID"
                                                        },
                                                        {
                                                            "display": "IL",
                                                            "value": "IL"
                                                        },
                                                        {
                                                            "display": "IN",
                                                            "value": "IN"
                                                        },
                                                        {
                                                            "display": "IA",
                                                            "value": "IA"
                                                        },
                                                        {
                                                            "display": "KS",
                                                            "value": "KS"
                                                        },
                                                        {
                                                            "display": "KY",
                                                            "value": "KY"
                                                        },
                                                        {
                                                            "display": "LA",
                                                            "value": "LA"
                                                        },
                                                        {
                                                            "display": "ME",
                                                            "value": "ME"
                                                        },
                                                        {
                                                            "display": "MD",
                                                            "value": "MD"
                                                        },
                                                        {
                                                            "display": "MA",
                                                            "value": "MA"
                                                        },
                                                        {
                                                            "display": "MI",
                                                            "value": "MI"
                                                        },
                                                        {
                                                            "display": "MN",
                                                            "value": "MN"
                                                        },
                                                        {
                                                            "display": "MS",
                                                            "value": "MS"
                                                        },
                                                        {
                                                            "display": "MO",
                                                            "value": "MO"
                                                        },
                                                        {
                                                            "display": "MT",
                                                            "value": "MT"
                                                        },
                                                        {
                                                            "display": "NE",
                                                            "value": "NE"
                                                        },
                                                        {
                                                            "display": "NV",
                                                            "value": "NV"
                                                        },
                                                        {
                                                            "display": "NH",
                                                            "value": "NH"
                                                        },
                                                        {
                                                            "display": "NJ",
                                                            "value": "NJ"
                                                        },
                                                        {
                                                            "display": "NM",
                                                            "value": "NM"
                                                        },
                                                        {
                                                            "display": "NY",
                                                            "value": "NY"
                                                        },
                                                        {
                                                            "display": "NC",
                                                            "value": "NC"
                                                        },
                                                        {
                                                            "display": "ND",
                                                            "value": "ND"
                                                        },
                                                        {
                                                            "display": "OH",
                                                            "value": "OH"
                                                        },
                                                        {
                                                            "display": "OK",
                                                            "value": "OK"
                                                        },
                                                        {
                                                            "display": "OR",
                                                            "value": "OR"
                                                        },
                                                        {
                                                            "display": "PA",
                                                            "value": "PA"
                                                        },
                                                        {
                                                            "display": "RI",
                                                            "value": "RI"
                                                        },
                                                        {
                                                            "display": "SC",
                                                            "value": "SC"
                                                        },
                                                        {
                                                            "display": "SD",
                                                            "value": "SD"
                                                        },
                                                        {
                                                            "display": "TN",
                                                            "value": "TN"
                                                        },
                                                        {
                                                            "display": "TX",
                                                            "value": "TX"
                                                        },
                                                        {
                                                            "display": "UT",
                                                            "value": "UT"
                                                        },
                                                        {
                                                            "display": "VT",
                                                            "value": "VT"
                                                        },
                                                        {
                                                            "display": "VA",
                                                            "value": "VA"
                                                        },
                                                        {
                                                            "display": "WA",
                                                            "value": "WA"
                                                        },
                                                        {
                                                            "display": "WV",
                                                            "value": "WV"
                                                        },
                                                        {
                                                            "display": "WI",
                                                            "value": "WI"
                                                        },
                                                        {
                                                            "display": "WY",
                                                            "value": "WY"
                                                        },
                                                        {
                                                            "display": "MP",
                                                            "value": "MP"
                                                        },
                                                        {
                                                            "display": "FM",
                                                            "value": "FM"
                                                        },
                                                        {
                                                            "display": "GU",
                                                            "value": "GU"
                                                        },
                                                        {
                                                            "display": "MH",
                                                            "value": "MH"
                                                        },
                                                        {
                                                            "display": "PW",
                                                            "value": "PW"
                                                        },
                                                        {
                                                            "display": "PR",
                                                            "value": "PR"
                                                        },
                                                        {
                                                            "display": "VI",
                                                            "value": "VI"
                                                        },
                                                        {
                                                            "display": "AA",
                                                            "value": "AA"
                                                        },
                                                        {
                                                            "display": "AE",
                                                            "value": "AE"
                                                        },
                                                        {
                                                            "display": "AP",
                                                            "value": "AP"
                                                        },
                                                        {
                                                            "display": "AS",
                                                            "value": "AS"
                                                        }
                                                    ]
                                                }
                                            ]
                                        }
                                    ]
                                }
                            ]
                        }
                    ]
                },
                {
                    "name": "primaryButton",
                    "states": [
                        {
                            "text": "Done"
                        }
                    ]
                }
            ]
        }
    ]
}
