{
    "appName": "w2-insights-balance-due",
    "screenName": "balance-intro",
    "type": "Info",
    "groups": [
        {
            "name": "default",
            "items": [
                {
                    "type": "default",
                    "contentMeta": [
                        {
                            "name": "page",
                            "theme": "theme"
                        }
                    ]
                }
            ]
        },
        {
            "name": "header",
            "items": [
                {
					"type": "headerSubText",
					"contentMeta": [
						{
							"name": "header",
							"headerSubText": "subText"
						}
					]
				},
                {
                    "type": "headerText",
                    "contentMeta": [
                        {
                            "name": "header",
                            "headerText": "text"
                        }
                    ]
                }
                
             
            ]
        },
        {
            "name": "content",
            "items": [
               
                {
                    "type": "contentCards",
                    "contentMeta": [
                        {
                            "name": "content_cards",
                            "contentCards": {
                                "name": "options",
                                "text": "text",
                                "imageUrl": "imgUrl"
                            }
                        }
                    ]
                }
            ]
        },
        
        {
            "name": "footer",
            "items": [
                {
					"type": "primaryButton",
					"contentMeta": [
						{
							"name": "primary_button",
							"description": "text",
							"theme": "theme"
						}
					]
				}
            ]
        }
    ],
    "navigation": {
        "next": "",
        "prev": ""
    }
}
