{
    "app": "home",
    "screens": [
        {
            "name": "home",
            "elements": [
                {
                    "name": "progress_circle",
                    "states": []
                },
                {
                    "name": "navbar_header",
                    "states": [
                        {
                            "options": [
                                {
                                    "text": "Home",
                                    "isSelected": true
                                },
                                {
                                    "state": "confirm-status",
                                    "text": "Confirm status"
                                },
                                {
                                    "state": "add-w2",
                                    "text": "Add W-2"
                                },
                                {
                                    "state": "verify-id",
                                    "text": "Verify ID"
                                },
                                {
                                    "state": "questions",
                                    "text": "Answer questions"
                                },
                                {
                                    "state": "file-return",
                                    "text": "File Return",
                                    "icon": "lock",
                                    "disabled": true
                                }
                            ]
                        }
                    ]
                },
                {
                    "name": "navbar_account",
                    "states": [
                        {
                            "options": [
                                {
                                    "text": "Account",
                                    "icon": "accountIcon"
                                }
                            ]
                        }
                    ]
                },
                {
                    "name": "total_refund",
                    "states": [
                        {
                            "text": "Your total refund",
                            "description": "Your refund or owe amount will appear here after you add your W-2.",
                            "theme": "white"
                        }
                    ]
                },
                {
                    "name": "primary_card",
                    "states": [
                        {
                            "state": "confirm-status",
                            "text": "Confirm your tax info.",
                            "imgUrl": "/assets/images/dependents.svg",
                            "theme": "ui-green"
                        },
                        {
                            "state": "add-w2",
                            "text": "Add your W-2 to save time later.",
                            "imgUrl": "/assets/images/upload-w2.svg",
                            "theme": "ui-green"
                        },
                        {
                            "state": "verify-id",
                            "text": "Scan your ID next.",
                            "imgUrl": "/assets/images/scan-id.svg",
                            "theme": "ui-green"
                        },
                        {
                            "state": "questions",
                            "text": "Answer some quick questions.",
                            "imgUrl": "/assets/images/help-me-choose.svg",
                            "theme": "ui-green"
                        },
                        {
                            "state": "file-return",
                            "text": "You’re so close to the finish line!",
                            "imgUrl": "/assets/images/taxes-filed.svg",
                            "subText": "File return",
                            "theme": "ui-green"
                        }
                    ]
                },
                {
                    "name": "secondary_card",
                    "states": [
                        {
                            "state": "draft",
                            "options": [
                                {
                                    "state": "add-w2",
                                    "text": "Add your W-2",
                                    "imgUrl": "/assets/images/add-w2.svg"
                                },
                                {
                                    "state": "verify-id",
                                    "text": "Verify your ID",
                                    "imgUrl": "/assets/images/verify-id.svg"
                                },
                                {
                                    "state": "questions",
                                    "text": "Answer questions",
                                    "imgUrl": "/assets/images/answer-question.svg"
                                },
                                {
                                    "state": "file-return",
                                    "text": "File return",
                                    "imgUrl": "/assets/images/lock-icon.svg"
                                }
                            ]
                        },
                        {
                            "state": "completed",
                            "options": [
                                {
                                    "text": "Confirmed statuses"
                                },
                                {
                                    "text": "Added W-2 from {{source}}"
                                },
                                {
                                    "text": "Verified ID"
                                },
                                {
                                    "text": "Answered questions"
                                }
                            ]
                        }
                    ]
                }
            ]
        }
    ]
}
