{
    "appName": "confirm-status",
    "screenName": "confirm_scenarios",
    "type": "Profile",
    "items": [
        {
            "type": "default",
            "contentMeta": [
                {
                    "name": "page",
                    "theme": "theme"
                }
            ]
        },
        {
            "type": "headerText",
            "contentMeta": [
                {
                    "name": "header",
                    "headerText": "text"
                }
            ]
        },
        {
            "type": "headerSubText",
            "contentMeta": [
                {
                    "name": "header",
                    "headerSubText": "subText"
                }
            ]
        },
        {
            "type": "toggleCard",
            "contentMeta": [
                {
                    "name": "married-toggle",
                    "text": "text",
                    "icon": "imgUrl",
                    "content": "options"
                }
            ],
            "items": [
                {
                    "type": "Label",
                    "contentMeta": [
                        {
                            "description": "text"
                        }
                    ]
                },
                {
                    "type": "Radio",
                    "contentMeta": [
                        {
                            "description": "text",
                            "fieldName": "name",
                            "value": "value"
                        }
                    ],
                    "alias": "lifechange"
                },
                {
                    "type": "Radio",
                    "contentMeta": [
                        {
                            "description": "text",
                            "fieldName": "name",
                            "value": "value"
                        }
                    ],
                    "alias": "lifechange"
                }
            ],
            "fieldName": "married"
        },
        {
            "type": "selectionCard",
            "contentMeta": [
                {
                    "name": "selection-spouse",
                    "text": "text",
                    "fieldName": "name",
                    "value": "value"
                }
            ],
            "fieldName": "nospouse",
            "alias": "lifechange"
        },
        {
            "type": "selectionCard",
            "contentMeta": [
                {
                    "name": "selection-child",
                    "text": "text",
                    "fieldName": "name",
                    "value": "value"
                }
            ],
            "fieldName": "child",
            "alias": "lifechange"
        },
        {
            "type": "toggleCard",
            "contentMeta": [
                {
                    "name": "dependent-toggle",
                    "text": "text",
                    "icon": "imgUrl",
                    "content": "options"
                }
            ],
            "items": [
                {
                    "type": "Label",
                    "contentMeta": [
                        {
                            "description": "text"
                        }
                    ]
                },
                {
                    "type": "Radio",
                    "contentMeta": [
                        {
                            "description": "text",
                            "fieldName": "name",
                            "value": "value"
                        }
                    ],
                    "alias": "lifechange"
                },
                {
                    "type": "Radio",
                    "contentMeta": [
                        {
                            "description": "text",
                            "fieldName": "name",
                            "value": "value"
                        }
                    ],
                    "alias": "lifechange"
                },
                {
                    "type": "Label",
                    "contentMeta": [
                        {
                            "description": "text"
                        }
                    ]
                },
                {
                    "type": "Radio",
                    "contentMeta": [
                        {
                            "description": "text",
                            "fieldName": "name",
                            "value": "value"
                        }
                    ],
                    "alias": "lifechange"
                },
                {
                    "type": "Radio",
                    "contentMeta": [
                        {
                            "description": "text",
                            "fieldName": "name",
                            "value": "value"
                        }
                    ],
                    "alias": "lifechange"
                },
                {
                    "type": "Label",
                    "contentMeta": [
                        {
                            "description": "text"
                        }
                    ]
                },
                {
                    "type": "Radio",
                    "contentMeta": [
                        {
                            "description": "text",
                            "fieldName": "name",
                            "value": "value"
                        }
                    ],
                    "alias": "lifechange"
                },
                {
                    "type": "Radio",
                    "contentMeta": [
                        {
                            "description": "text",
                            "fieldName": "name",
                            "value": "value"
                        }
                    ],
                    "alias": "lifechange"
                }
            ],
            "fieldName": "dependent"
        },
        {
            "type": "selectionCard",
            "contentMeta": [
                {
                    "name": "selection-support",
                    "text": "text",
                    "fieldName": "name",
                    "value": "value"
                }
            ],
            "fieldName": "support",
            "alias": "lifechange"
        },
        {
            "type": "footerLink",
            "contentMeta": [
                {
                    "name": "footerLink",
                    "description": "text",
                    "theme": "theme"
                }
            ]
        },
        {
            "type": "primaryButton",
            "contentMeta": [
                {
                    "name": "primaryButton",
                    "description": "text",
                    "type": "Dynamic",
                    "theme": "theme",
                    "actions": [
                        {
                            "type": "onboarding_exit",
                            "params": {
                                "alias": "lifechange"
                            }
                        }
                    ]
                }
            ]
        }
    ],
    "navigation": {
        "next": "",
        "prev": ""
    }
}
