[
    {
        "app": "add-w2",
        "screens": [
            {
                "name": "uploading",
                "elements": [
                    {
                        "name": "page",
                        "states": [
                            {
                                "theme": "medium-dark-blue",
                                "text": "We’re importing your W-2...",
                                "imgUrl": "/assets/images/Upload.gif"
                            }
                        ]
                    },
                    {
                        "name": "content",
                        "states": [
                            {
                                "state": "play",
                                "footerImgUrl": "/assets/images/play_icon.svg"
                            },
                            {
                                "state": "pause",
                                "footerImgUrl": "/assets/images/pause_icon.svg"
                            }
                        ]
                    }
                ]
            },
            {
                "name": "getstart",
                "elements": [
                    {
                        "name": "page",
                        "states": [
                            {
                                "theme": "ui-yellow",
                                "text": "We’re able to get a head start on your W-2!",
                                "imgUrl": "/assets/images/upload-w2.svg"
                            }
                        ]
                    },
                    {
                        "name": "content",
                        "states": [
                            {
                                "state": "play",
                                "footerImgUrl": "/assets/images/play_black_icon.svg"
                            },
                            {
                                "state": "pause",
                                "footerImgUrl": "/assets/images/pause_black_icon.svg"
                            }
                        ]
                    }
                ]
            },
            {
                "name": "gotit",
                "elements": [
                    {
                        "name": "page",
                        "states": [
                            {
                                "theme": "light-blue",
                                "text": "Got it! We're able to get a head start."
                            }
                        ]
                    },
                    {
                        "name": "content",
                        "states": [
                            {
                                "state": "play",
                                "footerImgUrl": "/assets/images/play_icon.svg"
                            },
                            {
                                "state": "pause",
                                "footerImgUrl": "/assets/images/pause_icon.svg"
                            }
                        ]
                    }
                ]
            },
            {
                "name": "w2upload",
                "elements": [
                    {
                        "name": "page",
                        "states": [
                            {
                                "theme": "medium-dark-blue",
                                "text": "We're uploading your W-2...",
                                "imgUrl": "/assets/images/upload.gif"
                            }
                        ]
                    },
                    {
                        "name": "content",
                        "states": [
                            {
                                "state": "play",
                                "footerImgUrl": "/assets/images/play_icon.svg"
                            },
                            {
                                "state": "pause",
                                "footerImgUrl": "/assets/images/pause_icon.svg"
                            }
                        ]
                    }
                ]
            }
        ]
    },
    {
        "app": "w2-insights",
        "screens": [
            {
                "name": "handle",
                "elements": [
                    {
                        "name": "page",
                        "states": [
                            {
                                "theme": "ui-green",
                                "text": "You handled that nicely!",
                                "subText": "Added W-2",
                                "imgUrl": "/assets/images/insight_task_complete.svg"
                            }
                        ]
                    },
                    {
                        "name": "content",
                        "states": [
                            {
                                "state": "play",
                                "footerImgUrl": "/assets/images/play_icon.svg"
                            },
                            {
                                "state": "pause",
                                "footerImgUrl": "/assets/images/pause_icon.svg"
                            }
                        ]
                    }
                ]
            },
            {
                "name": "noproblem",
                "elements": [
                    {
                        "name": "page",
                        "states": [
                            {
                                "theme": "light-green",
                                "text": "No problem! You can add your W-2 later"
                            }
                        ]
                    },
                    {
                        "name": "content",
                        "states": [
                            {
                                "state": "play",
                                "footerImgUrl": "/assets/images/play_black_icon.svg"
                            },
                            {
                                "state": "pause",
                                "footerImgUrl": "/assets/images/pause_black_icon.svg"
                            }
                        ]
                    }
                ]
            },
            {
                "name": "verifyid",
                "elements": [
                    {
                        "name": "page",
                        "states": [
                            {
                                "theme": "ui-yellow",
                                "text": "Now, let’s add your ID.",
                                "imgUrl": "/assets/images/ScanID.gif"
                            }
                        ]
                    },
                    {
                        "name": "content",
                        "states": [
                            {
                                "state": "play",
                                "footerImgUrl": "/assets/images/play_icon.svg"
                            },
                            {
                                "state": "pause",
                                "footerImgUrl": "/assets/images/pause_icon.svg"
                            }
                        ]
                    }
                ]
            },
            {
                "name": "finishverifyid",
                "elements": [
                    {
                        "name": "page",
                        "states": [
                            {
                                "theme": "ui-yellow",
                                "text": "Now, let's finish adding your ID",
                                "imgUrl": "/assets/images/ScanID.gif"
                            }
                        ]
                    },
                    {
                        "name": "content",
                        "states": [
                            {
                                "state": "play",
                                "footerImgUrl": "/assets/images/play_icon.svg"
                            },
                            {
                                "state": "pause",
                                "footerImgUrl": "/assets/images/pause_icon.svg"
                            }
                        ]
                    }
                ]
            },
            {
                "name": "noproblem-grab",
                "elements": [
                    {
                        "name": "page",
                        "states": [
                            {
                                "theme": "light-green",
                                "text": "No problem! We can grab your W-2 later."
                            }
                        ]
                    },
                    {
                        "name": "content",
                        "states": [
                            {
                                "state": "play",
                                "footerImgUrl": "/assets/images/play_icon.svg"
                            },
                            {
                                "state": "pause",
                                "footerImgUrl": "/assets/images/pause_icon.svg"
                            }
                        ]
                    }
                ]
            }
        ]
    },
    {
        "app": "onboarding",
        "screens": [
            {
                "name": "free_online",
                "elements": [
                    {
                        "name": "page",
                        "states": [
                            {
                                "theme": "ui-yellow",
                                "text": "Taking you to our current experience...",
                                "imgUrl": "/assets/images/Processing.gif"
                            }
                        ]
                    },
                    {
                        "name": "content",
                        "states": [
                            {
                                "state": "play",
                                "footerImgUrl": "/assets/images/play_black_icon.svg"
                            },
                            {
                                "state": "pause",
                                "footerImgUrl": "/assets/images/pause_black_icon.svg"
                            }
                        ]
                    }
                ]
            },
            {
                "name": "getStart",
                "elements": [
                    {
                        "name": "page",
                        "states": [
                            {
                                "theme": "ui-yellow",
                                "text": "Let’s get started on your 2020 taxes!",
                                "imgUrl": "/assets/images/onboardingglass.svg"
                            }
                        ]
                    },
                    {
                        "name": "content",
                        "states": [
                            {
                                "state": "play",
                                "footerImgUrl": "/assets/images/play_black_icon.svg"
                            },
                            {
                                "state": "pause",
                                "footerImgUrl": "/assets/images/pause_black_icon.svg"
                            }
                        ]
                    }
                ]
            },
            {
                "name": "pulling",
                "elements": [
                    {
                        "name": "page",
                        "states": [
                            {
                                "theme": "primary",
                                "text": "You got a jump start by pulling in all your info from 2020. Nice!",
                                "imgUrl": "/assets/images/jumppulling.svg",
                                "subText": "Pulled in prior year info"
                            }
                        ]
                    },
                    {
                        "name": "content",
                        "states": [
                            {
                                "state": "play",
                                "footerImgUrl": "/assets/images/play_icon.svg"
                            },
                            {
                                "state": "pause",
                                "footerImgUrl": "/assets/images/pause_icon.svg"
                            }
                        ]
                    }
                ]
            }
        ]
    },
    {
        "app": "idinsights",
        "screens": [
            {
                "name": "almostthere",
                "elements": [
                    {
                        "name": "page",
                        "states": [
                            {
                                "theme": "primary",
                                "text": "Almost there!",
                                "subText": "Verified ID",
                                "imgUrl": "/assets/images/almostthere.svg"
                            }
                        ]
                    },
                    {
                        "name": "content",
                        "states": [
                            {
                                "state": "play",
                                "footerImgUrl": "/assets/images/play_icon.svg"
                            },
                            {
                                "state": "pause",
                                "footerImgUrl": "/assets/images/pause_icon.svg"
                            }
                        ]
                    }
                ]
            },
            {
                "name": "noprobleminsights",
                "elements": [
                    {
                        "name": "page",
                        "states": [
                            {
                                "theme": "light-green",
                                "text": "No problem! You can add your ID Later"
                            }
                        ]
                    },
                    {
                        "name": "content",
                        "states": [
                            {
                                "state": "play",
                                "footerImgUrl": "/assets/images/play_black_icon.svg"
                            },
                            {
                                "state": "pause",
                                "footerImgUrl": "/assets/images/pause_black_icon.svg"
                            }
                        ]
                    }
                ]
            },
            {
                "name": "quickquestions",
                "elements": [
                    {
                        "name": "page",
                        "states": [
                            {
                                "theme": "ui-yellow",
                                "text": "Now, Let's answer a few quick questions.",
                                "imgUrl": "/assets/images/quickquestions.svg"
                            }
                        ]
                    },
                    {
                        "name": "content",
                        "states": [
                            {
                                "state": "play",
                                "footerImgUrl": "/assets/images/play_black_icon.svg"
                            },
                            {
                                "state": "pause",
                                "footerImgUrl": "/assets/images/pause_black_icon.svg"
                            }
                        ]
                    }
                ]
            },
            {
                "name": "keepmoving",
                "elements": [
                    {
                        "name": "page",
                        "states": [
                            {
                                "theme": "light-green",
                                "text": "No problem! Let's keep moving."
                            }
                        ]
                    },
                    {
                        "name": "content",
                        "states": [
                            {
                                "state": "play",
                                "footerImgUrl": "/assets/images/play_black_icon.svg"
                            },
                            {
                                "state": "pause",
                                "footerImgUrl": "/assets/images/pause_black_icon.svg"
                            }
                        ]
                    }
                ]
            },
            {
                "name": "finishidlater",
                "elements": [
                    {
                        "name": "page",
                        "states": [
                            {
                                "theme": "light-green",
                                "text": "No problem! You can finish adding your ID later."
                            }
                        ]
                    },
                    {
                        "name": "content",
                        "states": [
                            {
                                "state": "play",
                                "footerImgUrl": "/assets/images/play_black_icon.svg"
                            },
                            {
                                "state": "pause",
                                "footerImgUrl": "/assets/images/pause_black_icon.svg"
                            }
                        ]
                    }
                ]
            },
            {
                "name": "revisit",
                "elements": [
                    {
                        "name": "page",
                        "states": [
                            {
                                "theme": "ui-yellow",
                                "text": "Now, Let's revisit answering a few quick questions.",
                                "imgUrl": "/assets/images/quickquestions.svg"
                            }
                        ]
                    },
                    {
                        "name": "content",
                        "states": [
                            {
                                "state": "play",
                                "footerImgUrl": "/assets/images/play_black_icon.svg"
                            },
                            {
                                "state": "pause",
                                "footerImgUrl": "/assets/images/pause_black_icon.svg"
                            }
                        ]
                    }
                ]
            }
        ]
    },
    {
        "app": "sign_file",
        "screens": [
            {
                "name": "file_partial",
                "elements": [
                    {
                        "name": "page",
                        "states": [
                            {
                                "theme": "primary",
                                "imgUrl": "/assets/images/file_partial.svg"
                            }
                        ]
                    },
                    {
                        "name": "content",
                        "states": [
                            {
                                "state": "play",
                                "footerImgUrl": "/assets/images/play_icon.svg"
                            },
                            {
                                "state": "pause",
                                "footerImgUrl": "/assets/images/pause_icon.svg"
                            }
                        ]
                    }
                ]
            },
            {
                "name": "account_added",
                "elements": [
                    {
                        "name": "page",
                        "states": [
                            {
                                "theme": "ui-green",
                                "text": "Your account has been added!",
                                "imgUrl": "/assets/images/tick.svg"
                            }
                        ]
                    },
                    {
                        "name": "content",
                        "states": [
                            {
                                "state": "play",
                                "footerImgUrl": "/assets/images/play_icon.svg"
                            },
                            {
                                "state": "pause",
                                "footerImgUrl": "/assets/images/pause_icon.svg"
                            }
                        ]
                    }
                ]
            },
            {
                "name": "file_completed",
                "elements": [
                    {
                        "name": "page",
                        "states": [
                            {
                                "theme": "primary",
                                "imgUrl": "/assets/images/file_return_icon.svg"
                            }
                        ]
                    },
                    {
                        "name": "content",
                        "states": [
                            {
                                "state": "play",
                                "footerImgUrl": "/assets/images/play_icon.svg"
                            },
                            {
                                "state": "pause",
                                "footerImgUrl": "/assets/images/pause_icon.svg"
                            }
                        ]
                    }
                ]
            },
            {
                "name": "sign_file",
                "elements": [
                    {
                        "name": "page",
                        "states": [
                            {
                                "theme": "primary",
                                "text": "This is it! Time to sign and file.",
                                "subText": "Signing is the last step before filing your return. You did it!",
                                "imgUrl": "/assets/images/file_return_icon.svg"
                            }
                        ]
                    },
                    {
                        "name": "content",
                        "states": [
                            {
                                "state": "play",
                                "footerImgUrl": "/assets/images/play_icon.svg"
                            },
                            {
                                "state": "pause",
                                "footerImgUrl": "/assets/images/pause_icon.svg"
                            }
                        ]
                    }
                ]
            },
            {
                "name": "you_did",
                "elements": [
                    {
                        "name": "page",
                        "states": [
                            {
                                "theme": "light-green",
                                "text": "You did it!",
                                "imgUrl": "/assets/images/file_return_icon.svg"
                            }
                        ]
                    },
                    {
                        "name": "content",
                        "states": [
                            {
                                "state": "play",
                                "footerImgUrl": "/assets/images/play_black_icon.svg"
                            },
                            {
                                "state": "pause",
                                "footerImgUrl": "/assets/images/pause_black_icon.svg"
                            }
                        ]
                    }
                ]
            }
        ]
    },
    {
        "app": "w2-segway",
        "screens": [
            {
                "name": "add_w2",
                "elements": [
                    {
                        "name": "page",
                        "states": [
                            {
                                "theme": "ui-yellow",
                                "text": "Now, let’s add your W-2.",
                                "imgUrl": "/assets/images/inter_add_w2.svg"
                            }
                        ]
                    },
                    {
                        "name": "content",
                        "states": [
                            {
                                "state": "play",
                                "footerImgUrl": "/assets/images/play_black_icon.svg"
                            },
                            {
                                "state": "pause",
                                "footerImgUrl": "/assets/images/pause_black_icon.svg"
                            }
                        ]
                    }
                ]
            },
            {
                "name": "task_complete",
                "elements": [
                    {
                        "name": "page",
                        "states": [
                            {
                                "theme": "primary",
                                "text": "Great job!",
                                "imgUrl": "/assets/images/task_completed.svg",
                                "subText": "Confirmed tax scenarios"
                            }
                        ]
                    },
                    {
                        "name": "content",
                        "states": [
                            {
                                "state": "play",
                                "footerImgUrl": "/assets/images/play_icon.svg"
                            },
                            {
                                "state": "pause",
                                "footerImgUrl": "/assets/images/pause_icon.svg"
                            }
                        ]
                    }
                ]
            }
        ]
    },
    {
        "app": "file_segway",
        "screens": [
            {
                "name": "finishanswering",
                "elements": [
                    {
                        "name": "page",
                        "states": [
                            {
                                "theme": "light-green",
                                "text": "No problem! You can finish answering questions later."
                            }
                        ]
                    },
                    {
                        "name": "content",
                        "states": [
                            {
                                "state": "play",
                                "footerImgUrl": "/assets/images/play_black_icon.svg"
                            },
                            {
                                "state": "pause",
                                "footerImgUrl": "/assets/images/pause_black_icon.svg"
                            }
                        ]
                    }
                ]
            },
            {
                "name": "badright",
                "elements": [
                    {
                        "name": "page",
                        "states": [
                            {
                                "theme": "primary",
                                "text": "That wasn't too bad, right?",
                                "imgUrl": "/assets/images/task_completed.svg",
                                "subText": "Answered questions"
                            }
                        ]
                    },
                    {
                        "name": "content",
                        "states": [
                            {
                                "state": "play",
                                "footerImgUrl": "/assets/images/play_icon.svg"
                            },
                            {
                                "state": "pause",
                                "footerImgUrl": "/assets/images/pause_icon.svg"
                            }
                        ]
                    }
                ]
            },
            {
                "name": "ready",
                "elements": [
                    {
                        "name": "page",
                        "states": [
                            {
                                "theme": "ui-yellow",
                                "text": "Hope you're ready, we're about to wrap this up!",
                                "imgUrl": "/assets/images/women_ready.svg"
                            }
                        ]
                    },
                    {
                        "name": "content",
                        "states": [
                            {
                                "state": "play",
                                "footerImgUrl": "/assets/images/play_black_icon.svg"
                            },
                            {
                                "state": "pause",
                                "footerImgUrl": "/assets/images/pause_black_icon.svg"
                            }
                        ]
                    }
                ]
            }
        ]
    }
]
