[
    {
        "app": "home",
        "screens": [
            {
                "name": "home",
                "elements": [
                    {
                        "name": "progress_circle",
                        "states": []
                    },
                    {
                        "name": "navbar_header",
                        "states": [
                            {
                                "options": [
                                    {
                                        "text": "Home"
                                    },
                                    {
                                        "text": "Confirm status"
                                    },
                                    {
                                        "text": "Add W-2"
                                    },
                                    {
                                        "text": "Verify ID"
                                    },
                                    {
                                        "text": "Answer questions"
                                    },
                                    {
                                        "text": "File Return",
                                        "icon": "lock",
                                        "disabled": true
                                    }
                                ]
                            }
                        ]
                    },
                    {
                        "name": "navbar_account",
                        "states": [
                            {
                                "options": [
                                    {
                                        "text": "Account",
                                        "icon": "accountIcon"
                                    }
                                ]
                            }
                        ]
                    },
                    {
                        "name": "total_refund",
                        "states": [
                            {
                                "text": "Your total refund",
                                "description": "Your refund or owe amount will appear here after you add your W-2.",
                                "theme": "white"
                            }
                        ]
                    },
                    {
                        "name": "primary_card",
                        "states": [
                            {
                                "state": "confirm-status",
                                "text": "Confirm your tax info.",
                                "imgUrl": "/assets/images/dependents.svg",
                                "theme": "ui-green"
                            },
                            {
                                "state": "add-w2",
                                "text": "Add your W-2 to save time later.",
                                "imgUrl": "/assets/images/upload-w2.svg",
                                "theme": "ui-green"
                            },
                            {
                                "state": "verify-id",
                                "text": "Scan your ID next.",
                                "imgUrl": "/assets/images/scan-id.svg",
                                "theme": "ui-green"
                            },
                            {
                                "state": "questions",
                                "text": "Answer some quick questions.",
                                "imgUrl": "/assets/images/help-me-choose.svg",
                                "theme": "ui-green"
                            },
                            {
                                "state": "file-return",
                                "text": "You’re so close to the finish line!",
                                "imgUrl": "/assets/images/taxes-filed.svg",
                                "subText": "File return",
                                "theme": "ui-green"
                            }
                        ]
                    },
                    {
                        "name": "secondary_card",
                        "states": [
                            {
                                "state": "draft",
                                "options": [
                                    {
                                        "state": "add-w2",
                                        "text": "Add your W-2",
                                        "imgUrl": "http://localhost:9500/assets/images/add-w2.svg"
                                    },
                                    {
                                        "state": "verify-id",
                                        "text": "Verify your ID",
                                        "imgUrl": "http://localhost:9500/assets/images/verify-id.svg"
                                    },
                                    {
                                        "state": "questions",
                                        "text": "Answer questions",
                                        "imgUrl": "http://localhost:9500/assets/images/answer-question.svg"
                                    },
                                    {
                                        "state": "file-return",
                                        "text": "File return",
                                        "imgUrl": "http://localhost:9500/assets/images/lock-icon.svg"
                                    }
                                ]
                            },
                            {
                                "state": "completed",
                                "options": [
                                    {
                                        "text": "Confirmed statuses"
                                    },
                                    {
                                        "text": "Added W-2 from {{source}}"
                                    },
                                    {
                                        "text": "Verified ID"
                                    },
                                    {
                                        "text": "Answered questions"
                                    }
                                ]
                            }
                        ]
                    },
                    {
                        "name": "add_w2_overlay",
                        "states": [
                            {
                                "options": [
                                    {
                                        "description": "Import from payroll provider",
                                        "icon": "transfer"
                                    },
                                    {
                                        "description": "Attach a PDF",
                                        "icon": "upload",
                                        "theme": "secondary"
                                    },
                                    {
                                        "description": "Take a pic",
                                        "icon": "camera",
                                        "theme": "secondary"
                                    },
                                    {
                                        "description": "Enter W2-Manually",
                                        "icon": "edit",
                                        "theme": "secondary"
                                    }
                                ]
                            }
                        ]
                    }
                ]
            }
        ]
    },
    {
        "app": "add-w2",
        "screens": [
            {
                "name": "manual_entry",
                "elements": [
                    {
                        "name": "progress_circle",
                        "states": []
                    },
                    {
                        "name": "navbar_header",
                        "states": [
                            {
                                "options": [
                                    {
                                        "text": "Confirm status"
                                    },
                                    {
                                        "text": "Add W-2"
                                    },
                                    {
                                        "text": "Verify ID"
                                    },
                                    {
                                        "text": "Answer questions"
                                    },
                                    {
                                        "text": "File Return",
                                        "icon": "lock",
                                        "disabled": true
                                    }
                                ]
                            }
                        ]
                    },
                    {
                        "name": "page_title",
                        "states": [
                            {
                                "text": "Enter your W-2 info."
                            }
                        ]
                    },
                    {
                        "name": "form_nav_header",
                        "states": [
                            {
                                "options": [
                                    {
                                        "text": "Employer's Info"
                                    },
                                    {
                                        "text": "Employee's Info"
                                    },
                                    {
                                        "text": "Federal income taxes"
                                    },
                                    {
                                        "text": "State and local taxes"
                                    }
                                ]
                            }
                        ]
                    },
                    {
                        "name": "footer_buttons",
                        "states": [
                            {
                                "state": "normal",
                                "options": [
                                    {
                                        "text": "Next section"
                                    },
                                    {
                                        "text": "Save and finish later",
                                        "theme": "secondary"
                                    }
                                ]
                            },
                            {
                                "state": "final",
                                "options": [
                                    {
                                        "text": "Save and review"
                                    },
                                    {
                                        "text": "Save and finish later",
                                        "theme": "secondary"
                                    }
                                ]
                            }
                        ]
                    }
                ]
            }
        ]
    },
    {
        "app": "verify-id",
        "screens": [
            {
                "name": "welcome",
                "elements": [
                    {
                        "name": "content",
                        "states": [
                            {
                                "text": "Welcome back, {{user}}!",
                                "theme": "primary",
                                "imgUrl": "/assets/images/dependents.svg"
                            }
                        ]
                    }
                ]
            }
        ]
    },
    {
        "app": "confirm-status",
        "screens": [
            {
                "name": "confirm_scenarios",
                "elements": [
                    {
                        "name": "page",
                        "states": [
                            {
                                "theme": "white"
                            }
                        ]
                    },
                    {
                        "name": "header",
                        "states": [
                            {
                                "text": "Explore other filing status options.",
                                "subText": "Based on what you’ve provided us, filing as single is best for you. Let us know if any of these applied to you in {{taxYear}}."
                            }
                        ]
                    },
                    {
                        "name": "married-toggle",
                        "states": [
                            {
                                "text": "I got married",
                                "imgUrl": "/assets/images/green_tick_icon.svg",
                                "options": [
                                    {
                                        "text": "Congratulations! Most married couples file jointly."
                                    },
                                    {
                                        "name": "married",
                                        "text": "I want to file jointly.",
                                        "value": "mfj"
                                    },
                                    {
                                        "name": "married",
                                        "text": "I want to file separately.",
                                        "value": "mfs"
                                    }
                                ]
                            }
                        ]
                    },
                    {
                        "name": "selection-spouse",
                        "states": [
                            {
                                "text": "I got divorced or my spouse passed away",
                                "name": "lifechange",
                                "value": "nospouse"
                            }
                        ]
                    },
                    {
                        "name": "selection-child",
                        "states": [
                            {
                                "text": "I had or adopted a child",
                                "name": "lifechange",
                                "value": "child"
                            }
                        ]
                    },
                    {
                        "name": "dependent-toggle",
                        "states": [
                            {
                                "text": "Someone is claiming me as a dependent",
                                "imgUrl": "/assets/images/green_tick_icon.svg",
                                "options": [
                                    {
                                        "text": "Is that person claiming you on their return?"
                                    },
                                    {
                                        "name": "dependent",
                                        "text": "No",
                                        "value": "notaxreturnclaim"
                                    },
                                    {
                                        "name": "dependent",
                                        "text": "Yes",
                                        "value": "taxreturnclaim"
                                    },
                                    {
                                        "text": "Do you intend on claiming an education credit?"
                                    },
                                    {
                                        "name": "dependent",
                                        "text": "No",
                                        "value": "noeducationcredit"
                                    },
                                    {
                                        "name": "dependent",
                                        "text": "Yes",
                                        "value": "educationcredit"
                                    },
                                    {
                                        "text": "Are you that person’s qualifying child?"
                                    },
                                    {
                                        "name": "dependent",
                                        "text": "No",
                                        "value": "noqualifyingchild"
                                    },
                                    {
                                        "name": "dependent",
                                        "text": "Yes",
                                        "value": "qualifyingchild"
                                    }
                                ]
                            }
                        ]
                    },
                    {
                        "name": "selection-support",
                        "states": [
                            {
                                "text": "I financially supported someone",
                                "name": "lifechange",
                                "value": "support"
                            }
                        ]
                    },
                    {
                        "name": "footerLink",
                        "states": [
                            {
                                "text": "How do I know if my filing status changed",
                                "theme": "dark-green"
                            }
                        ]
                    },
                    {
                        "name": "primaryButton",
                        "states": [
                            {
                                "state": "unchanged",
                                "text": "Nope, nothing changed"
                            },
                            {
                                "state": "changed",
                                "text": "Next"
                            }
                        ]
                    }
                ]
            }
        ]
    },
    {
        "app": "onboarding",
        "screens": [
            {
                "name": "welcome",
                "elements": [
                    {
                        "name": "page",
                        "states": [
                            {
                                "theme": "primary",
                                "text": "Welcome back, {{user}}!"
                            }
                        ]
                    },
                    {
                        "name": "content",
                        "states": [
                            {
                                "state": "play",
                                "footerImgUrl": "/assets/images/play_icon.svg"
                            },
                            {
                                "state": "pause",
                                "footerImgUrl": "/assets/images/pause_icon.svg"
                            }
                        ]
                    }
                ]
            },
            {
                "name": "introduction",

                "elements": [
                    {
                        "name": "page",
                        "states": [
                            {
                                "theme": "light-green"
                            }
                        ]
                    },
                    {
                        "name": "header",
                        "states": [
                            {
                                "text": "We reimagined tax prep. Someone had to.",
                                "subText": "With automatic data import, quick W-2 upload, and easy ID scanning, we bring you a new H&R Block."
                            }
                        ]
                    },
                    {
                        "name": "content",
                        "states": [
                            {
                                "imgUrl": "/assets/images/ob_info.png"
                            }
                        ]
                    },
                    {
                        "name": "primary_button",
                        "states": [
                            {
                                "text": "Let's go"
                            }
                        ]
                    },
                    {
                        "name": "secondary_button",
                        "states": [
                            {
                                "text": "No thanks",
                                "theme": "light-green"
                            }
                        ]
                    },
                    {
                        "name": "footer_link",
                        "states": [
                            {
                                "text": "See disqualification scenarios",
                                "theme": "primary-black"
                            }
                        ]
                    },
                    {
                        "name": "footer",
                        "states": [
                            {
                                "text": "If at any point you have a tax situation our new experience doesn't cover, we can send you to our existing experience to finish your taxes."
                            }
                        ]
                    }
                ]
            },
            {
                "name": "onboarding",
                "elements": [
                    {
                        "name": "page",
                        "states": [
                            {
                                "theme": "light-green"
                            }
                        ]
                    },
                    {
                        "name": "header",
                        "states": [
                            {
                                "text": "Great! Here’s what we already know about you..."
                            }
                        ]
                    },
                    {
                        "name": "profileCard",
                        "states": [
                            {
                                "text": "Tax profile",
                                "theme": "light-green"
                            }
                        ]
                    },
                    {
                        "name": "textCard",
                        "states": [
                            {
                                "text": "Last year’s refund"
                            }
                        ]
                    },
                    {
                        "name": "content",
                        "states": [
                            {
                                "text": "Any major life changes in {{taxYear}}?"
                            }
                        ]
                    },
                    {
                        "name": "selection-married",
                        "states": [
                            {
                                "text": "I got married",
                                "name": "lifechange",
                                "value": "married"
                            }
                        ]
                    },
                    {
                        "name": "selection-deps",
                        "states": [
                            {
                                "text": "I gained dependents",
                                "name": "lifechange",
                                "value": "dependents"
                            }
                        ]
                    },
                    {
                        "name": "selection-student",
                        "states": [
                            {
                                "text": "I became a student",
                                "name": "lifechange",
                                "value": "student"
                            }
                        ]
                    },
                    {
                        "name": "selection-home",
                        "states": [
                            {
                                "text": "I bought a home",
                                "name": "lifechange",
                                "value": "home"
                            }
                        ]
                    },
                    {
                        "name": "toggleCard",
                        "states": [
                            {
                                "text": "I moved",
                                "imgUrl": "/assets/images/green_tick_icon.svg",
                                "options": [
                                    {
                                        "text": "Tell us where you moved."
                                    },
                                    {
                                        "name": "moved",
                                        "text": "I moved out of state",
                                        "value": "outofstate"
                                    },
                                    {
                                        "name": "moved",
                                        "text": "I stayed in Texas",
                                        "value": "instate"
                                    }
                                ]
                            }
                        ]
                    },
                    {
                        "name": "primaryButton",
                        "states": [
                            {
                                "state": "unchanged",
                                "text": "Nope, nothing changed"
                            },
                            {
                                "state": "changed",
                                "text": "Next"
                            }
                        ]
                    }
                ]
            },
            {
                "name": "free_online",
                "elements": [
                    {
                        "name": "page",
                        "states": [
                            {
                                "theme": "ui-yellow",
                                "text": "Taking you to our current experience...",
                                "imgUrl": "/assets/images/Processing.gif"
                            }
                        ]
                    },
                    {
                        "name": "content",
                        "states": [
                            {
                                "state": "play",
                                "footerImgUrl": "/assets/images/play_black_icon.svg"
                            },
                            {
                                "state": "pause",
                                "footerImgUrl": "/assets/images/pause_black_icon.svg"
                            }
                        ]
                    }
                ]
            },
            {
                "name": "get_started",
                "elements": [
                    {
                        "name": "page",
                        "states": [
                            {
                                "theme": "ui-yellow",
                                "text": "Let’s get started on your 2020 taxes!",
                                "imgUrl": "/assets/images/onboardingglass.svg"
                            }
                        ]
                    },
                    {
                        "name": "content",
                        "states": [
                            {
                                "state": "play",
                                "footerImgUrl": "/assets/images/play_icon.svg"
                            },
                            {
                                "state": "pause",
                                "footerImgUrl": "/assets/images/pause_icon.svg"
                            }
                        ]
                    }
                ]
            },
            {
                "name": "data_task_completed",
                "elements": [
                    {
                        "name": "page",
                        "states": [
                            {
                                "theme": "primary",
                                "text": "You got a jump start by pulling in all your info from 2020. Nice!",
                                "imgUrl": "/assets/images/jumppulling.svg",
                                "subText": "Pulled in prior year info"
                            }
                        ]
                    },
                    {
                        "name": "content",
                        "states": [
                            {
                                "state": "play",
                                "footerImgUrl": "/assets/images/play_icon.svg"
                            },
                            {
                                "state": "pause",
                                "footerImgUrl": "/assets/images/pause_icon.svg"
                            }
                        ]
                    }
                ]
            },
            {
                "name": "disqualify",
                "elements": [
                    {
                        "name": "page",
                        "states": [
                            {
                                "theme": "primary",
                                "subText": "No need to go anywhere; we’ll quickly transfer your data so you can finish in our current experience."
                            }
                        ]
                    },
                    {
                        "name": "content",
                        "states": [
                            {
                                "state": "dependents",
                                "text": "Congrats on growing your family! Unfortunately, dependents aren’t in this experience yet."
                            },
                            {
                                "state": "student",
                                "text": "Furthering your education is always a win; it’s just not supported in this experience yet."
                            },
                            {
                                "state": "married",
                                "text": "We’re sorry, you don’t qualify for our new tax prep experience."
                            },
                            {
                                "state": "home",
                                "text": "What a boss move! Though we’re excited for you, we don’t support buying a house in this experience yet."
                            },
                            {
                                "state": "outofstate",
                                "text": "Moving out of state sounds adventurous! Unfortunately, we don’t support moving out of state in this experience yet."
                            }
                        ]
                    },
                    {
                        "name": "primary_button",
                        "states": [
                            {
                                "text": "Continue to Free Online",
                                "theme": "primary"
                            }
                        ]
                    },
                    {
                        "name": "secondary_button",
                        "states": [
                            {
                                "text": "Go back",
                                "theme": "secondary"
                            }
                        ]
                    }
                ]
            },
            {
                "name": "disqualification_go_back",
                "elements": [
                    {
                        "name": "page",
                        "states": [
                            {
                                "theme": "ui-yellow"
                            }
                        ]
                    },
                    {
                        "name": "content",
                        "states": [
                            {
                                "text": "We see what you did there!",
                                "subText": "Curiosity is in our nature — we get it! You like to see how things work, and that's why we chose you. However, please make sure the info you're giving us is accurate."
                            }
                        ]
                    },
                    {
                        "name": "secondary_button",
                        "states": [
                            {
                                "text": "Got it",
                                "theme": "secondary"
                            }
                        ]
                    }
                ]
            }, {
                "name": "quick_questions",
                "elements": [
                    {
                        "name": "page",
                        "states": [
                            {
                                "theme": "ui-green"
                            }
                        ]
                    },
                    {
                        "name": "listing_button",
                        "states": [
                            {
                                "theme": "white-green"
                            }
                        ]
                    }
                ]
            }
        ]
    }
]
