[
    {
        "app": "home",
        "screens": [
            {
                "name": "home",
                "elements": [
                    {
                        "name": "progress_circle",
                        "states": [
                            {
                                "imgUrl": "/assets/images/progress_icon.svg"
                            }
                        ]
                    },
                    {
                        "name": "navbar_header",
                        "states": [
                            {
                                "options": [
                                    {
                                        "text": "Home"
                                    },
                                    {
                                        "text": "Confirm status"
                                    },
                                    {
                                        "text": "Add W-2"
                                    },
                                    {
                                        "text": "Verify ID"
                                    },
                                    {
                                        "text": "Answer questions"
                                    },
                                    {
                                        "text": "File Return",
                                        "icon": "lock",
                                        "disabled": true
                                    }
                                ]
                            }
                        ]
                    },
                    {
                        "name": "navbar_account",
                        "states": [
                            {
                                "options": [
                                    {
                                        "text": "Account",
                                        "icon": "accountIcon"
                                    }
                                ]
                            }
                        ]
                    },
                    {
                        "name": "total_refund",
                        "states": [
                            {
                                "text": "Your total refund",
                                "description": "Your refund or owe amount will appear here after you add your W-2.",
                                "theme": "white"
                            }
                        ]
                    },
                    {
                        "name": "primary_card",
                        "states": [
                            {
                                "state": "confirm-status",
                                "text": "Confirm your tax info.",
                                "imgUrl": "/assets/images/dependents.svg",
                                "theme": "ui-green"
                            },
                            {
                                "state": "add-w2",
                                "text": "Add your W-2 to save time later.",
                                "imgUrl": "/assets/images/upload-w2.svg",
                                "theme": "ui-green"
                            },
                            {
                                "state": "verify-id",
                                "text": "Scan your ID next.",
                                "imgUrl": "/assets/images/scan-id.svg",
                                "theme": "ui-green"
                            },
                            {
                                "state": "questions",
                                "text": "Answer some quick questions.",
                                "imgUrl": "/assets/images/help-me-choose.svg",
                                "theme": "ui-green"
                            },
                            {
                                "state": "file-return",
                                "text": "You’re so close to the finish line!",
                                "imgUrl": "/assets/images/taxes-filed.svg",
                                "subText": "File return",
                                "theme": "ui-green"
                            }
                        ]
                    },
                    {
                        "name": "secondary_card",
                        "states": [
                            {
                                "state": "draft",
                                "options": [
                                    {
                                        "state": "add-w2",
                                        "text": "Add your W-2",
                                        "imgUrl": "http://localhost:9500/assets/images/add-w2.svg"
                                    },
                                    {
                                        "state": "verify-id",
                                        "text": "Verify your ID",
                                        "imgUrl": "http://localhost:9500/assets/images/verify-id.svg"
                                    },
                                    {
                                        "state": "questions",
                                        "text": "Answer questions",
                                        "imgUrl": "http://localhost:9500/assets/images/answer-question.svg"
                                    },
                                    {
                                        "state": "file-return",
                                        "text": "File return",
                                        "imgUrl": "http://localhost:9500/assets/images/lock-icon.svg"
                                    }
                                ]
                            },
                            {
                                "state": "completed",
                                "options": [
                                    {
                                        "text": "Confirmed statuses"
                                    },
                                    {
                                        "text": "Added W-2 from {{source}}"
                                    },
                                    {
                                        "text": "Verified ID"
                                    },
                                    {
                                        "text": "Answered questions"
                                    }
                                ]
                            }
                        ]
                    },
                    {
                        "name": "add_w2_overlay",
                        "states": [
                            {
                                "options": [
                                    {
                                        "description": "Import from payroll provider",
                                        "icon": "transfer"
                                    },
                                    {
                                        "description": "Attach a PDF",
                                        "icon": "upload",
                                        "theme": "secondary"
                                    },
                                    {
                                        "description": "Take a pic",
                                        "icon": "camera",
                                        "theme": "secondary"
                                    },
                                    {
                                        "description": "Enter W2-Manually",
                                        "icon": "edit",
                                        "theme": "secondary"
                                    }
                                ]
                            }
                        ]
                    }
                ]
            }
        ]
    },
    {
        "app": "add-w2",
        "screens": [
            {
                "name": "manual_entry",
                "elements": [
                    {
                        "name": "progress_circle",
                        "states": [
                            {
                                "imgUrl": "/assets/images/progress_icon.svg"
                            }
                        ]
                    },
                    {
                        "name": "navbar_header",
                        "states": [
                            {
                                "options": [
                                    {
                                        "text": "Confirm status"
                                    },
                                    {
                                        "text": "Add W-2"
                                    },
                                    {
                                        "text": "Verify ID"
                                    },
                                    {
                                        "text": "Answer questions"
                                    },
                                    {
                                        "text": "File Return",
                                        "icon": "lock",
                                        "disabled": true
                                    }
                                ]
                            }
                        ]
                    },
                    {
                        "name": "page_title",
                        "states": [
                            {
                                "text": "Enter your W-2 info."
                            }
                        ]
                    },
                    {
                        "name": "form_nav_header",
                        "states": [
                            {
                                "options": [
                                    {
                                        "text": "Employer's Info"
                                    },
                                    {
                                        "text": "Employee's Info"
                                    },
                                    {
                                        "text": "Federal income taxes"
                                    },
                                    {
                                        "text": "State and local taxes"
                                    }
                                ]
                            }
                        ]
                    },
                    {
                        "name": "footer_buttons",
                        "states": [
                            {
                                "state": "normal",
                                "options": [
                                    {
                                        "text": "Next section"
                                    },
                                    {
                                        "text": "Save and finish later",
                                        "theme": "secondary"
                                    }
                                ]
                            },
                            {
                                "state": "final",
                                "options": [
                                    {
                                        "text": "Save and review"
                                    },
                                    {
                                        "text": "Save and finish later",
                                        "theme": "secondary"
                                    }
                                ]
                            }
                        ]
                    }
                ]
            }
        ]
    },
    {
        "app": "verify-id",
        "screens": [
            {
                "name": "welcome",
                "elements": [
                    {
                        "name": "content",
                        "states": [
                            {
                                "text": "Welcome back, {{user}}!",
                                "theme": "primary",
                                "imgUrl": "/assets/images/dependents.svg"
                            }
                        ]
                    }
                ]
            }
        ]
    },
    {
        "app": "onboarding",
        "screens": [
            {
                "name": "welcome",
                "elements": [
                    {
                        "name": "page",
                        "states": [
                            {
                                "theme": "primary",
                                "text": "Welcome back, {{user}}!"
                            }
                        ]
                    },
                    {
                        "name": "content",
                        "states": [
                            {
                                "state": "play",
                                "footerImgUrl": "/assets/images/play_icon.svg"
                            },
                            {
                                "state": "pause",
                                "footerImgUrl": "/assets/images/pause_icon.svg"
                            }
                        ]
                    }
                ]
            },
            {
                "name": "introduction",

                "elements": [
                    {
                        "name": "page",
                        "states": [
                            {
                                "theme": "light-green"
                            }
                        ]
                    },
                    {
                        "name": "header",
                        "states": [
                            {
                                "text": "We reimagined tax prep. Someone had to.",
                                "subText": "With automatic data import, quick W-2 upload, and easy ID scanning, we bring you a new H&R Block."
                            }
                        ]
                    },
                    {
                        "name": "content",
                        "states": [
                            {
                                "imgUrl": "/assets/images/ob_info.png"
                            }
                        ]
                    },
                    {
                        "name": "primary_button",
                        "states": [
                            {
                                "text": "Let's go"
                            }
                        ]
                    },
                    {
                        "name": "secondary_button",
                        "states": [
                            {
                                "text": "No thanks",
                                "theme": "light-green"
                            }
                        ]
                    },
                    {
                        "name": "footer_link",
                        "states": [
                            {
                                "text": "See disqualification scenarios",
                                "theme": "primary-black"
                            }
                        ]
                    },
                    {
                        "name": "footer",
                        "states": [
                            {
                                "text": "If at any point you have a tax situation our new experience doesn't cover, we can send you to our existing experience to finish your taxes."
                            }
                        ]
                    }
                ]
            },
            {
                "name": "onboarding",
                "elements": [
                    {
                        "name": "page",
                        "states": [
                            {
                                "theme": "light-green"
                            }
                        ]
                    },
                    {
                        "name": "header",
                        "states": [
                            {
                                "text": "Great! Here’s what we already know about you..."
                            }
                        ]
                    },
                    {
                        "name": "profileCard",
                        "states": [
                            {
                                "text": "Tax profile",
                                "theme": "light-green"
                            }
                        ]
                    },
                    {
                        "name": "textCard",
                        "states": [
                            {
                                "text": "Last year’s refund"
                            }
                        ]
                    },
                    {
                        "name": "content",
                        "states": [
                            {
                                "text": "Any major life changes in {{taxYear}}?"
                            }
                        ]
                    },
                    {
                        "name": "selection-married",
                        "states": [
                            {
                                "text": "I got married",
                                "name": "lifechange",
                                "value": "married"
                            }
                        ]
                    },
                    {
                        "name": "selection-deps",
                        "states": [
                            {
                                "text": "I gained dependents",
                                "name": "lifechange",
                                "value": "dependents"
                            }
                        ]
                    },
                    {
                        "name": "selection-student",
                        "states": [
                            {
                                "text": "I became a student",
                                "name": "lifechange",
                                "value": "student"
                            }
                        ]
                    },
                    {
                        "name": "selection-home",
                        "states": [
                            {
                                "text": "I bought a home",
                                "name": "lifechange",
                                "value": "home"
                            }
                        ]
                    },
                    {
                        "name": "toggleCard",
                        "states": [
                            {
                                "text": "I moved",
                                "imgUrl": "/assets/images/green_tick_icon.svg",
                                "options": [
                                    {
                                        "text": "Tell us where you moved."
                                    },
                                    {
                                        "name": "moved",
                                        "text": "I moved out of state",
                                        "value": "outofstate"
                                    },
                                    {
                                        "name": "moved",
                                        "text": "I stayed in Texas",
                                        "value": "instate"
                                    }
                                ]
                            }
                        ]
                    },
                    {
                        "name": "primaryButton",
                        "states": [
                            {
                                "state": "unchanged",
                                "text": "Nope, nothing changed"
                            },
                            {
                                "state": "changed",
                                "text": "Next"
                            }
                        ]
                    }
                ]
            },
            {
                "name": "free_online",
                "elements": [
                    {
                        "name": "page",
                        "states": [
                            {
                                "theme": "ui-yellow",
                                "text": "Taking you to our current experience...",
                                "imgUrl": "/assets/images/Processing.gif"
                            }
                        ]
                    },
                    {
                        "name": "content",
                        "states": [
                            {
                                "state": "play",
                                "footerImgUrl": "/assets/images/play_black_icon.svg"
                            },
                            {
                                "state": "pause",
                                "footerImgUrl": "/assets/images/pause_black_icon.svg"
                            }
                        ]
                    }
                ]
            },
            {
                "name": "get_started",
                "elements": [
                    {
                        "name": "page",
                        "states": [
                            {
                                "theme": "ui-yellow",
                                "text": "Let’s get started on your 2020 taxes!",
                                "imgUrl": "/assets/images/home/onboardingglass.svg"
                            }
                        ]
                    },
                    {
                        "name": "content",
                        "states": [
                            {
                                "state": "play",
                                "footerImgUrl": "/assets/images/home/play_icon.svg"
                            },
                            {
                                "state": "pause",
                                "footerImgUrl": "/assets/images/home/pause_icon.svg"
                            }
                        ]
                    }
                ]
            },
            {
                "name": "data_task_completed",
                "elements": [
                    {
                        "name": "page",
                        "states": [
                            {
                                "theme": "primary",
                                "text": "You got a jump start by pulling in all your info from 2020. Nice!",
                                "imgUrl": "/assets/images/home/jumppulling.svg",
                                "subText": "Pulled in prior year info"
                            }
                        ]
                    },
                    {
                        "name": "content",
                        "states": [
                            {
                                "state": "play",
                                "footerImgUrl": "/assets/images/home/play_icon.svg"
                            },
                            {
                                "state": "pause",
                                "footerImgUrl": "/assets/images/home/pause_icon.svg"
                            }
                        ]
                    }
                ]
            },
            {
                "name": "disqualify",
                "elements": [
                    {
                        "name": "page",
                        "states": [
                            {
                                "theme": "primary",
                                "subText": "No need to go anywhere; we’ll quickly transfer your data so you can finish in our current experience."
                            }
                        ]
                    },
                    {
                        "name": "content",
                        "states": [
                            {
                                "state": "dependents",
                                "text": "Congrats on growing your family! Unfortunately, dependents aren’t in this experience yet."
                            },
                            {
                                "state": "student",
                                "text": "Furthering your education is always a win; it’s just not supported in this experience yet."
                            },
                            {
                                "state": "married",
                                "text": "We’re sorry, you don’t qualify for our new tax prep experience."
                            },
                            {
                                "state": "home",
                                "text": "What a boss move! Though we’re excited for you, we don’t support buying a house in this experience yet."
                            },
                            {
                                "state": "outofstate",
                                "text": "Moving out of state sounds adventurous! Unfortunately, we don’t support moving out of state in this experience yet."
                            }
                        ]
                    },
                    {
                        "name": "primary_button",
                        "states": [
                            {
                                "text": "Continue to Free Online",
                                "theme": "primary"
                            }
                        ]
                    },
                    {
                        "name": "secondary_button",
                        "states": [
                            {
                                "text": "Go back",
                                "theme": "secondary"
                            }
                        ]
                    }
                ]
            },
            {
                "name": "disqualification_go_back",
                "elements": [
                    {
                        "name": "page",
                        "states": [
                            {
                                "theme": "ui-yellow"
                            }
                        ]
                    },
                    {
                        "name": "content",
                        "states": [
                            {
                                "text": "We see what you did there!",
                                "subText": "Curiosity is in our nature — we get it! You like to see how things work, and that's why we chose you. However, please make sure the info you're giving us is accurate."
                            }
                        ]
                    },
                    {
                        "name": "secondary_button",
                        "states": [
                            {
                                "text": "Got it",
                                "theme": "secondary"
                            }
                        ]
                    }
                ]
            }
        ]
    },
    {
        "app": "popup",
        "screens": [
            {
                "name": "update_address",
                "elements": [
                    {
                        "name": "page",
                        "states": [
                            {
                                "theme": "white"
                            }
                        ]
                    },
                    {
                        "name": "header",
                        "states": [
                            {
                                "text": "Update your mailing address"
                            }
                        ]
                    },
                    {
                        "name": "infoCard",
                        "states": [
                            {
                                "text": "Your old address"
                            }
                        ]
                    },
                    {
                        "name": "addressForm",
                        "states": [
                            {
                                "options": [
                                    {
                                        "text": "Your new address",
                                        "options": [
                                            {
                                                "size": "1col",
                                                "options": [
                                                    {
                                                        "text": "Address"
                                                    },
                                                    {
                                                        "text": "ZIP"
                                                    },
                                                    {
                                                        "text": "City"
                                                    },
                                                    {
                                                        "text": "State",
                                                        "options": [
                                                            {
                                                                "display": "",
                                                                "value": null
                                                            },
                                                            {
                                                                "display": "AL",
                                                                "value": "AL"
                                                            },
                                                            {
                                                                "display": "AK",
                                                                "value": "AK"
                                                            },
                                                            {
                                                                "display": "AZ",
                                                                "value": "AZ"
                                                            },
                                                            {
                                                                "display": "AR",
                                                                "value": "AR"
                                                            },
                                                            {
                                                                "display": "CA",
                                                                "value": "CA"
                                                            },
                                                            {
                                                                "display": "CO",
                                                                "value": "CO"
                                                            },
                                                            {
                                                                "display": "CT",
                                                                "value": "CT"
                                                            },
                                                            {
                                                                "display": "DE",
                                                                "value": "DE"
                                                            },
                                                            {
                                                                "display": "DC",
                                                                "value": "DC"
                                                            },
                                                            {
                                                                "display": "FL",
                                                                "value": "FL"
                                                            },
                                                            {
                                                                "display": "GA",
                                                                "value": "GA"
                                                            },
                                                            {
                                                                "display": "HI",
                                                                "value": "HI"
                                                            },
                                                            {
                                                                "display": "ID",
                                                                "value": "ID"
                                                            },
                                                            {
                                                                "display": "IL",
                                                                "value": "IL"
                                                            },
                                                            {
                                                                "display": "IN",
                                                                "value": "IN"
                                                            },
                                                            {
                                                                "display": "IA",
                                                                "value": "IA"
                                                            },
                                                            {
                                                                "display": "KS",
                                                                "value": "KS"
                                                            },
                                                            {
                                                                "display": "KY",
                                                                "value": "KY"
                                                            },
                                                            {
                                                                "display": "LA",
                                                                "value": "LA"
                                                            },
                                                            {
                                                                "display": "ME",
                                                                "value": "ME"
                                                            },
                                                            {
                                                                "display": "MD",
                                                                "value": "MD"
                                                            },
                                                            {
                                                                "display": "MA",
                                                                "value": "MA"
                                                            },
                                                            {
                                                                "display": "MI",
                                                                "value": "MI"
                                                            },
                                                            {
                                                                "display": "MN",
                                                                "value": "MN"
                                                            },
                                                            {
                                                                "display": "MS",
                                                                "value": "MS"
                                                            },
                                                            {
                                                                "display": "MO",
                                                                "value": "MO"
                                                            },
                                                            {
                                                                "display": "MT",
                                                                "value": "MT"
                                                            },
                                                            {
                                                                "display": "NE",
                                                                "value": "NE"
                                                            },
                                                            {
                                                                "display": "NV",
                                                                "value": "NV"
                                                            },
                                                            {
                                                                "display": "NH",
                                                                "value": "NH"
                                                            },
                                                            {
                                                                "display": "NJ",
                                                                "value": "NJ"
                                                            },
                                                            {
                                                                "display": "NM",
                                                                "value": "NM"
                                                            },
                                                            {
                                                                "display": "NY",
                                                                "value": "NY"
                                                            },
                                                            {
                                                                "display": "NC",
                                                                "value": "NC"
                                                            },
                                                            {
                                                                "display": "ND",
                                                                "value": "ND"
                                                            },
                                                            {
                                                                "display": "OH",
                                                                "value": "OH"
                                                            },
                                                            {
                                                                "display": "OK",
                                                                "value": "OK"
                                                            },
                                                            {
                                                                "display": "OR",
                                                                "value": "OR"
                                                            },
                                                            {
                                                                "display": "PA",
                                                                "value": "PA"
                                                            },
                                                            {
                                                                "display": "RI",
                                                                "value": "RI"
                                                            },
                                                            {
                                                                "display": "SC",
                                                                "value": "SC"
                                                            },
                                                            {
                                                                "display": "SD",
                                                                "value": "SD"
                                                            },
                                                            {
                                                                "display": "TN",
                                                                "value": "TN"
                                                            },
                                                            {
                                                                "display": "TX",
                                                                "value": "TX"
                                                            },
                                                            {
                                                                "display": "UT",
                                                                "value": "UT"
                                                            },
                                                            {
                                                                "display": "VT",
                                                                "value": "VT"
                                                            },
                                                            {
                                                                "display": "VA",
                                                                "value": "VA"
                                                            },
                                                            {
                                                                "display": "WA",
                                                                "value": "WA"
                                                            },
                                                            {
                                                                "display": "WV",
                                                                "value": "WV"
                                                            },
                                                            {
                                                                "display": "WI",
                                                                "value": "WI"
                                                            },
                                                            {
                                                                "display": "WY",
                                                                "value": "WY"
                                                            },
                                                            {
                                                                "display": "MP",
                                                                "value": "MP"
                                                            },
                                                            {
                                                                "display": "FM",
                                                                "value": "FM"
                                                            },
                                                            {
                                                                "display": "GU",
                                                                "value": "GU"
                                                            },
                                                            {
                                                                "display": "MH",
                                                                "value": "MH"
                                                            },
                                                            {
                                                                "display": "PW",
                                                                "value": "PW"
                                                            },
                                                            {
                                                                "display": "PR",
                                                                "value": "PR"
                                                            },
                                                            {
                                                                "display": "VI",
                                                                "value": "VI"
                                                            },
                                                            {
                                                                "display": "AA",
                                                                "value": "AA"
                                                            },
                                                            {
                                                                "display": "AE",
                                                                "value": "AE"
                                                            },
                                                            {
                                                                "display": "AP",
                                                                "value": "AP"
                                                            },
                                                            {
                                                                "display": "AS",
                                                                "value": "AS"
                                                            }
                                                        ]
                                                    }
                                                ]
                                            }
                                        ]
                                    }
                                ]
                            }
                        ]
                    },
                    {
                        "name": "primaryButton",
                        "states": [
                            {
                                "text": "Done"
                            }
                        ]
                    }
                ]
            }
        ]
    }
]
