{
    "appName": "popup",
    "screenName": "update_address",
    "type": "EditData",
    "groups": [
        {
            "name": "default",
            "items": [
                {
                    "type": "default",
                    "contentMeta": [
                        {
                            "name": "page",
                            "theme": "theme"
                        }
                    ]
                },
                {
                    "type": "headerText",
                    "contentMeta": [
                        {
                            "name": "header",
                            "headerText": "text"
                        }
                    ]
                },
                {
                    "type": "infoCard",
                    "contentMeta": [
                        {
                            "name": "infoCard",
                            "headerText": "text"
                        }
                    ],
                    "alias": "oldAddress"
                },
                {
                    "type": "dynamicForm",
                    "contentMeta": [
                        {
                            "name": "addressForm",
                            "groups": "options"
                        }
                    ],
                    "groups": [
                        {
                            "contentMeta": [
                                {
                                    "title": "text",
                                    "layouts": "options"
                                }
                            ]
                        }
                    ],
                    "layouts": [
                        [
                            {
                                "contentMeta": [
                                    {
                                        "size": "size",
                                        "items": "options"
                                    }
                                ]
                            }
                        ]
                    ],
                    "items": [
                        [
                            [
                                {
                                    "type": "Input",
                                    "contentMeta": [
                                        {
                                            "description": "text"
                                        }
                                    ],
                                    "alias": "Address"
                                },
                                {
                                    "type": "Input",
                                    "contentMeta": [
                                        {
                                            "description": "text"
                                        }
                                    ],
                                    "alias": "ZIPCd"
                                },
                                {
                                    "type": "Input",
                                    "contentMeta": [
                                        {
                                            "description": "text"
                                        }
                                    ],
                                    "alias": "CityNm"
                                },
                                {
                                    "type": "Dropdown",
                                    "contentMeta": [
                                        {
                                            "description": "text",
                                            "options": "options"
                                        }
                                    ],
                                    "alias": "StateAbbreviationCd"
                                }
                            ]
                        ]
                    ],
                    "alias": "newAddress"
                },
                {
                    "type": "primaryButton",
                    "contentMeta": [
                        {
                            "name": "primaryButton",
                            "description": "text",
                            "theme": "theme"
                        }
                    ]
                }
            ]
        }
    ],

    "navigation": {
        "next": "",
        "prev": ""
    }
}
