{
    "appName": "add_w2_pic",
    "screenName": "w2_add_diff",
    "type": "Info",
    "groups": [
        {
            "name": "default",
            "items": [
                {
                    "type": "default",
                    "contentMeta": [
                        {
                            "name": "page",
                            "theme": "theme"
                        }
                    ]
                }
            ]
        },
        {
            "name": "header",
            "items": [
                {
                    "type": "headerText",
                    "contentMeta": [
                        {
                           
                        }
                    ]
                },
                {
                    "type": "headerSubText",
                    "contentMeta": [
                        {
                        
                        }
                    ]
                }
            ]
        },
        {
            "name": "content",
            "items": [
                {
                    "type": "contentText",
                    "contentMeta": [
                        {
                            "name": "content",
                            "contentText": "text"
                        }
                    ]
                },
                {
                    "type": "contentSubText",
                    "contentMeta": [
                        {
                            "name": "content",
                            "contentSubText": "subText"
                        }
                    ]
                }
            ]
        },
        {
            "name": "footer",
            "items": [
                              
                {
                    "type": "footerText",
                    "contentMeta": [
                        {
                           
                        }
                    ]
                },
                {
                    "type": "footerLink",
                    "contentMeta": [
                        {
                            
                        }
                    ]
                }
            ]
        }
    ],
    "navigation": {
        "next": "",
        "prev": ""
    }
}
