{
    "appName": "onboarding",
    "screenName": "disqualify",
    "type": "Info",
    "groups": [
        {
            "name": "default",
            "items": [
                {
                    "type": "default",
                    "contentMeta": [
                        {
                            "name": "page",
                            "theme": "theme"
                        }
                    ]
                }
            ]
        },
        {
            "name": "content",
            "items": [
                {
                    "type": "contentText",
                    "contentMeta": [
                        {
                            "name": "content",
                            "type": "Dynamic",
                            "contentText": "text"
                        }
                    ]
                },
                {
                    "type": "contentSubText",
                    "contentMeta": [
                        {
                            "name": "page",
                            "contentSubText": "subText"
                        }
                    ]
                }
            ]
        },
        {
            "name": "footer",
            "items": [
                {
                    "type": "primaryButton",
                    "contentMeta": [
                        {
                            "name": "primary_button",
                            "description": "text",
                            "theme": "theme"
                        }
                    ]
                },
                {
                    "type": "secondaryButton",
                    "contentMeta": [
                        {
                            "name": "secondary_button",
                            "description": "text",
                            "theme": "theme",
                            "actions": [
                                {
                                    "type": "navigate",
                                    "params": {
                                        "direction": "next"
                                    }
                                }
                            ]
                        }
                    ]
                }
            ]
        }
    ],
    "navigation": {
        "next": "onboarding/disqualification_go_back",
        "prev": ""
    }
}
