{
    "appName": "onboarding",
    "screenName": "introduction",
    "type": "Info",
    "groups": [
        {
            "name": "default",
            "items": [
                {
                    "type": "default",
                    "contentMeta": [
                        {
                            "name": "page",
                            "theme": "theme"
                        }
                    ]
                }
            ]
        },
        {
            "name": "header",
            "items": [
                {
                    "type": "headerText",
                    "contentMeta": [
                        {
                            "name": "header",
                            "headerText": "text"
                        }
                    ]
                },
                {
                    "type": "headerSubText",
                    "contentMeta": [
                        {
                            "name": "header",
                            "headerSubText": "subText"
                        }
                    ]
                }
            ]
        },
        {
            "name": "content",
            "items": [
                {
                    "type": "contentImageUrl",
                    "contentMeta": [
                        {
                            "name": "content",
                            "contentImageUrl": "imgUrl"
                        }
                    ]
                }
            ]
        },
        {
            "name": "footer",
            "items": [
                {
                    "type": "primaryButton",
                    "contentMeta": [
                        {
                            "name": "primary_button",
                            "description": "text",
                            "theme": "theme",
                            "actions": [
                                {
                                    "type": "navigate",
                                    "params": {
                                        "direction": "next"
                                    }
                                }
                            ]
                        }
                    ]
                },
                {
                    "type": "secondaryButton",
                    "contentMeta": [
                        {
                            "name": "secondary_button",
                            "description": "text",
                            "theme": "theme",
                            "actions": [
                                {
                                    "type": "navigate",
                                    "params": {
                                        "direction": "prev"
                                    }
                                }
                            ]
                        }
                    ]
                },
                {
                    "type": "footerText",
                    "contentMeta": [
                        {
                            "name": "footer",
                            "footerText": "text"
                        }
                    ]
                },
                {
                    "type": "footerLink",
                    "contentMeta": [
                        {
                            "name": "footer_link",
                            "description": "text",
                            "theme": "theme"
                        }
                    ]
                }
            ]
        }
    ],
    "navigation": {
        "next": "onboarding/quick_questions",
        "prev": "onboarding/free_online"
    }
}
