{
    "appName": "onboarding",
    "screenName": "introduction",
    "type": "Info",
    "groups": [
        {
            "name": "default",
            "items": [
                {
                    "type": "default",
                    "contentMeta": [
                        {
                            "name": "page",
                            "theme": "theme"
                        }
                    ]
                }
            ]
        },
        {
            "name": "header",
            "items": [
                
            ]
        },
        {
            "name": "content",
            "items": [
                {
					"type": "contentText",
					"contentMeta": [
						{
							"name": "content",
							"contentText": "text"
						}
					]
				},
				{
					"type": "contentSubText",
					"contentMeta": [
						{
							"name": "content",
							"contentSubText": "subText"
						}
					]
				},
                {
                    "type": "contentImageUrl",
                    "contentMeta": [
                        {
                            "name": "content",
                            "contentImageUrl": "imgUrl"
                        }
                    ]
                }
            ]
        },
        {
            "name": "footer",
            "items": [
                {
                    "type": "primaryButton",
                    "contentMeta": [
                        {
                            "name": "primary_button",
                            "description": "text",
                            "theme": "theme"
                        }
                    ]
                }
            ]
        }
    ],
    "navigation": {
        "next": "",
        "prev": ""
    }
}
