{
    "appName": "onboarding",
    "screenName": "mfs",
    "type": "Info",
    "groups": [
        {
            "name": "default",
            "items": [
                {
                    "type": "default",
                    "contentMeta": [
                        {
                            "name": "page",
                            "theme": "theme"
                        }
                    ]
                }
            ]
        },
        {
            "name": "content",
            "items": [
                {
                    "type": "contentText",
                    "contentMeta": [
                        {
                            "name": "content",
                            "contentText": "text"
                        }
                    ]
                },
                {
                    "type": "contentSubText",
                    "contentMeta": [
                        {
                            "name": "content",
                            "contentSubText": "subText"
                        }
                    ]
                }
            ]
        },
        {
            "name": "footer",
            "items": [
                {
                    "type": "primaryButton",
                    "contentMeta": [
                        {
                            "name": "primary_button",
                            "description": "text",
                            "theme": "theme"
                        }
                    ]
                },
                {
                    "type": "secondaryButton",
                    "contentMeta": [
                        {
                            "name": "secondary_button",
                            "description": "text",
                            "theme": "theme"
                        }
                    ]
                }
                
                
            ]
        }
    ],
    "navigation": {
        "next": "",
        "prev": ""
    }
}