{
    "appName": "onboarding",
    "screenName": "welcome",
    "type": "Interstitial",
    "items": [
        {
            "type": "default",
            "contentMeta": [
                {
                    "name": "page",
                    "duration": "duration",
                    "theme": "theme"
                }
            ]
        },
        {
            "type": "headerText",
            "contentMeta": [
                {
                    "name": "page",
                    "headerText": "text"
                }
            ]
        },
        {
            "type": "footerImage",
            "contentMeta": [
                {
                    "name": "content",
                    "type": "Dynamic",
                    "footerIconUrl": "footerImgUrl",
                    "actions": [
                        {
                            "type": "navigate",
                            "params": {
                                "direction": "next"
                            }
                        }
                    ]
                }
            ]
        }
    ],
    "navigation": {
        "next": "onboarding/introduction",
        "prev": ""
    }
}
