{
    "appName": "onboarding",
    "screenName": "disqualification_go_back",
    "type": "Info",
    "groups": [
        {
            "name": "default",
            "items": [
                {
                    "type": "default",
                    "contentMeta": [
                        {
                            "name": "page",
                            "theme": "theme"
                        }
                    ]
                }
            ]
        },
        {
            "name": "content",
            "items": [
                {
                    "type": "contentText",
                    "contentMeta": [
                        {
                            "name": "content",
                            "contentText": "text"
                        }
                    ]
                },
                {
                    "type": "contentSubText",
                    "contentMeta": [
                        {
                            "name": "content",
                            "contentSubText": "subText"
                        }
                    ]
                }
            ]
        },
        {
            "name": "footer",
            "items": [
                {
                    "type": "secondaryButton",
                    "contentMeta": [
                        {
                            "name": "secondary_button",
                            "description": "text",
                            "theme": "theme",
                            "actions": [
                                {
                                    "type": "navigate",
                                    "params": {
                                        "direction": "prev",
                                        "screen": "disqualification_go_back"
                                    }
                                }
                            ]
                        }
                    ]
                }
            ]
        }
    ],
    "navigation": {
        "next": "",
        "prev": "onboarding/onboarding"
    }
}
