{
    "appName": "onboarding",
    "screenName": "free_online",
    "type": "Interstitial",
    "items": [
        {
            "type": "default",
            "contentMeta": [
                {
                    "name": "page",
                    "duration": "duration",
                    "theme": "theme"
                }
            ]
        },
        {
            "type": "headerText",
            "contentMeta": [
                {
                    "name": "page",
                    "headerText": "text"
                }
            ]
        },
        {
            "type": "contentImage",
            "contentMeta": [
                {
                    "name": "page",
                    "contentImageUrl": "imgUrl"
                }
            ]
        },
        {
            "type": "footerImage",
            "contentMeta": [
                {
                    "name": "content",
                    "type": "Dynamic",
                    "footerIconUrl": "footerImgUrl"
                }
            ]
        }
    ],
    "navigation": {
        "next": "",
        "prev": ""
    }
}
