{
    "appName": "onboarding",
    "screenName": "onboarding",
    "type": "Profile",
    "items": [
        {
            "type": "default",
            "contentMeta": [
                {
                    "name": "page",
                    "theme": "theme"
                }
            ]
        },
        {
            "type": "headerText",
            "contentMeta": [
                {
                    "name": "header",
                    "headerText": "text"
                }
            ]
        },
        {
            "type": "profileCard",
            "contentMeta": [
                {
                    "name": "profileCard",
                    "headerText": "text",
                    "theme": "theme"
                }
            ],
            "alias": "profiles"
        },
        {
            "type": "textCard",
            "contentMeta": [
                {
                    "name": "textCard",
                    "text": "text",
                    "theme": "theme"
                }
            ],
            "alias": "refundAmount"
        },
        {
            "type": "contentText",
            "contentMeta": [
                {
                    "name": "content",
                    "contentText": "text"
                }
            ]
        },
        {
            "type": "selectionCard",
            "contentMeta": [
                {
                    "name": "selection-married",
                    "text": "text",
                    "fieldName": "name",
                    "value": "value"
                }
            ],
            "fieldName": "married",
            "alias": "lifechange"
        },
        {
            "type": "selectionCard",
            "contentMeta": [
                {
                    "name": "selection-deps",
                    "text": "text",
                    "fieldName": "name",
                    "value": "value"
                }
            ],
            "fieldName": "deps",
            "alias": "lifechange"
        },
        {
            "type": "selectionCard",
            "contentMeta": [
                {
                    "name": "selection-student",
                    "text": "text",
                    "fieldName": "name",
                    "value": "value"
                }
            ],
            "fieldName": "student",
            "alias": "lifechange"
        },
        {
            "type": "toggleCard",
            "contentMeta": [
                {
                    "name": "toggleCard",
                    "text": "text",
                    "icon": "imgUrl",
                    "content": "options"
                }
            ],
            "items": [
                {
                    "type": "Label",
                    "contentMeta": [
                        {
                            "description": "text"
                        }
                    ]
                },
                {
                    "type": "Radio",
                    "contentMeta": [
                        {
                            "description": "text",
                            "fieldName": "name",
                            "value": "value"
                        }
                    ],
                    "alias": "lifechange"
                },
                {
                    "type": "Radio",
                    "contentMeta": [
                        {
                            "description": "text",
                            "fieldName": "name",
                            "value": "value"
                        }
                    ],
                    "alias": "lifechange"
                }
            ]
        },
        {
            "type": "selectionCard",
            "contentMeta": [
                {
                    "name": "selection-home",
                    "text": "text",
                    "fieldName": "name",
                    "value": "value"
                }
            ],
            "fieldName": "home",
            "alias": "lifechange"
        },
        {
            "type": "primaryButton",
            "contentMeta": [
                {
                    "name": "primaryButton",
                    "description": "text",
                    "type": "Dynamic",
                    "theme": "theme",
                    "actions": [
                        {
                            "type": "onboarding_exit",
                            "params": {
                                "alias": "lifechange",
                                "screen": "onboarding"
                            }
                        }
                    ]
                }
            ]
        }
    ],
    "navigation": {
        "next": "onboarding/get_started",
        "prev": "onboarding/disqualify",
        "popup": "update_address"
    }
}
